GISJOIN	YEAR	STATE	STATEA	COUNTY	COUNTYA	PRETRACTA	TRACTA	POSTTRCTA	AREANAME	B8M001	B8M002	B8M003	B8M004	B8M005	B8M006	B8M007	B8M008	B8M009	B8M010
G25000300001	1960	Massachusetts	25	Berkshire	3		1		TRACT 1 PITTSFIELD CITY	433	354	1189	1153	971	4	4	4	4	4
G25000300002	1960	Massachusetts	25	Berkshire	3		2		TRACT 2 PITTSFIELD CITY	784	659	853	2575	2191	8	8	5	5	2
G25000300003	1960	Massachusetts	25	Berkshire	3		3		TRACT 3 PITTSFIELD CITY	552	491	161	1685	1549	0	0	0	0	0
G25000300004	1960	Massachusetts	25	Berkshire	3		4		TRACT 4 PITTSFIELD CITY	659	594	122	2009	1806	0	0	0	0	0
G25000300005	1960	Massachusetts	25	Berkshire	3		5		TRACT 5 PITTSFIELD CITY	329	304	64	1024	943	0	0	0	0	0
G25000300006	1960	Massachusetts	25	Berkshire	3		6		TRACT 6 PITTSFIELD CITY	773	660	439	2554	2194	120	116	54	70	75
G25000300007	1960	Massachusetts	25	Berkshire	3		7		TRACT 7 PITTSFIELD CITY	302	257	120	1009	912	0	0	0	0	0
G25000300008	1960	Massachusetts	25	Berkshire	3		8		TRACT 8 PITTSFIELD CITY	604	567	170	2012	1880	0	0	0	0	0
G25000300009	1960	Massachusetts	25	Berkshire	3		9		TRACT 9 PITTSFIELD CITY	748	648	566	2331	2181	8	8	4	8	8
G25000300010	1960	Massachusetts	25	Berkshire	3		10		TRACT 10 PITTSFIELD CITY	848	742	97	2301	2162	4	4	4	4	4
G25000300011	1960	Massachusetts	25	Berkshire	3		11		TRACT 11 PITTSFIELD CITY	587	524	103	1601	1537	4	4	4	4	4
G25000300102	1960	Massachusetts	25	Berkshire	3		102		TRACT 102 DALTON TOWN	877	782	229	2490	2284	4	0	0	0	0
G25000300103	1960	Massachusetts	25	Berkshire	3		103		TRACT 103 LENOX TOWN	471	429	385	1425	1292	5	5	0	0	0
G25000300104	1960	Massachusetts	25	Berkshire	3		104		TRACT 104 LEE TOWN	588	526	247	2047	1951	0	0	0	0	0
G25000500026	1960	Massachusetts	25	Bristol	5		26		TRACT 26 PT NEW BEDFORD CITY	733	630	165	2004	1843	0	0	0	0	0
G25000500027	1960	Massachusetts	25	Bristol	5		27		TRACT 27 PT NEW BEDFORD CITY	835	712	151	2347	2176	8	8	4	8	4
G25000500028	1960	Massachusetts	25	Bristol	5		28		TRACT 28 PT NEW BEDFORD CITY	1185	1020	298	3637	3454	4	4	0	4	4
G25000500029	1960	Massachusetts	25	Bristol	5		29		TRACT  29	767	650	232	2374	2200	7	7	4	4	7
G25000500601	1960	Massachusetts	25	Bristol	5		601		TRACT 601 SEEKONK TOWN	575	489	75	1596	1477	4	4	4	4	0
G25000500602	1960	Massachusetts	25	Bristol	5		602		TRACT 602 SEEKONK TOWN	474	381	128	1403	1271	10	10	5	5	0
G25000500603	1960	Massachusetts	25	Bristol	5		603		TRACT 603 ATTLEBORO CITY	681	597	191	1974	1883	0	0	0	0	0
G25000500604	1960	Massachusetts	25	Bristol	5		604		TRACT 604 ATTLEBORO CITY	481	435	84	1454	1392	0	0	0	0	0
G25000500605	1960	Massachusetts	25	Bristol	5		605		TRACT 605 ATTLEBORO CITY	330	289	190	1123	1050	3	3	0	0	0
G25000500606	1960	Massachusetts	25	Bristol	5		606		TRACT 606 ATTLEBORO CITY	210	155	596	675	592	0	0	0	0	0
G25000500607	1960	Massachusetts	25	Bristol	5		607		TRACT 607 ATTLEBORO CITY	262	203	129	810	771	0	0	0	0	0
G25000500608	1960	Massachusetts	25	Bristol	5		608		TRACT 608 ATTLEBORO CITY	468	398	282	1412	1323	0	0	0	0	0
G25000500609	1960	Massachusetts	25	Bristol	5		609		TRACT 609 ATTLEBORO CITY	390	353	179	1112	1023	4	4	4	4	4
G25000500610	1960	Massachusetts	25	Bristol	5		610		TRACT 610 ATTLEBORO CITY	286	256	187	1016	934	0	0	0	0	0
G25000500611	1960	Massachusetts	25	Bristol	5		611		TRACT 611 NORTH ATTLEBOROUGH TOWN	1031	839	628	3091	2860	4	4	4	4	0
G25000500612	1960	Massachusetts	25	Bristol	5		612		TRACT 612 NORTH ATTLEBOROUGH TOWN	750	631	180	2209	2107	5	5	0	0	0
G2500050BRC0001	1960	Massachusetts	25	Bristol	5	BRC	1		TRACT BRC-1 EASTON TOWN	1124	967	502	3508	3147	0	0	0	0	0
G2500050FR0001	1960	Massachusetts	25	Bristol	5	 FR	1		TRACT FR-1  FALL RIVER CITY	601	548	140	1803	1537	0	0	0	0	0
G2500050FR0002	1960	Massachusetts	25	Bristol	5	 FR	2		TRACT FR-2  FALL RIVER CITY	857	703	458	2196	1886	16	16	12	12	12
G2500050FR0003	1960	Massachusetts	25	Bristol	5	 FR	3		TRACT FR-3  FALL RIVER CITY	393	345	189	1441	985	2	2	2	2	2
G2500050FR0004	1960	Massachusetts	25	Bristol	5	 FR	4		TRACT FR-4  FALL RIVER CITY	388	335	161	1054	912	7	7	0	3	0
G2500050FR0005	1960	Massachusetts	25	Bristol	5	 FR	5		TRACT FR-5  FALL RIVER CITY	711	573	585	1812	1615	0	0	0	0	0
G2500050FR0006	1960	Massachusetts	25	Bristol	5	 FR	6		TRACT FR-6  FALL RIVER CITY	682	581	282	1669	1466	4	4	0	0	0
G2500050FR0007	1960	Massachusetts	25	Bristol	5	 FR	7		TRACT FR-7  FALL RIVER CITY	394	339	113	1091	1039	0	0	0	0	0
G2500050FR0008	1960	Massachusetts	25	Bristol	5	 FR	8		TRACT FR-8  FALL RIVER CITY	471	423	219	1483	1329	0	0	0	0	0
G2500050FR0009	1960	Massachusetts	25	Bristol	5	 FR	9		TRACT FR-9  FALL RIVER CITY	812	661	955	2158	1775	0	0	0	0	0
G2500050FR0010	1960	Massachusetts	25	Bristol	5	 FR	10		TRACT FR-10 FALL RIVER CITY	302	227	177	767	722	0	0	0	0	0
G2500050FR0011	1960	Massachusetts	25	Bristol	5	 FR	11		TRACT FR-11 FALL RIVER CITY	16	16	275	48	31	0	0	0	0	0
G2500050FR0012	1960	Massachusetts	25	Bristol	5	 FR	12		TRACT FR-12 FALL RIVER CITY	435	347	357	1308	1090	11	11	3	11	7
G2500050FR0013	1960	Massachusetts	25	Bristol	5	 FR	13		TRACT FR-13 FALL RIVER CITY	740	596	529	2600	1893	4	4	0	0	0
G2500050FR0014	1960	Massachusetts	25	Bristol	5	 FR	14		TRACT FR-14 FALL RIVER CITY	479	420	210	1408	1229	0	0	0	0	0
G2500050FR0015	1960	Massachusetts	25	Bristol	5	 FR	15		TRACT FR-15 FALL RIVER CITY	388	358	161	1044	978	0	0	0	0	0
G2500050FR0016	1960	Massachusetts	25	Bristol	5	 FR	16		TRACT FR-16 FALL RIVER CITY	317	262	121	864	770	0	0	0	0	0
G2500050FR0017	1960	Massachusetts	25	Bristol	5	 FR	17		TRACT FR-17 FALL RIVER CITY	474	387	212	1343	1216	0	0	0	0	0
G2500050FR0018	1960	Massachusetts	25	Bristol	5	 FR	18		TRACT FR-18 FALL RIVER CITY	253	191	453	701	594	5	5	5	5	5
G2500050FR0019	1960	Massachusetts	25	Bristol	5	 FR	19		TRACT FR-19 FALL RIVER CITY	241	206	374	730	578	4	4	0	0	4
G2500050FR0020	1960	Massachusetts	25	Bristol	5	 FR	20		TRACT FR-20 FALL RIVER CITY	558	444	408	1601	1372	8	8	0	0	0
G2500050FR0021	1960	Massachusetts	25	Bristol	5	 FR	21		TRACT FR-21 FALL RIVER CITY	277	232	172	794	617	0	0	0	0	0
G2500050FR0022	1960	Massachusetts	25	Bristol	5	 FR	22		TRACT FR-22 FALL RIVER CITY	403	353	202	1140	914	0	0	0	0	0
G2500050FR0023	1960	Massachusetts	25	Bristol	5	 FR	23		TRACT FR-23 FALL RIVER CITY	212	186	152	732	713	0	0	0	0	0
G2500050FR0024	1960	Massachusetts	25	Bristol	5	 FR	24		TRACT FR-24 FALL RIVER CITY	240	206	225	798	745	0	0	0	0	0
G2500050FR0025	1960	Massachusetts	25	Bristol	5	 FR	25		TRACT FR-25 FALL RIVER CITY	176	154	34	474	430	0	0	0	0	0
G2500050NB0001	1960	Massachusetts	25	Bristol	5	 NB	1		TRACT NB-1  NEW BEDFORD CITY	406	312	165	1047	959	4	4	0	4	4
G2500050NB0002	1960	Massachusetts	25	Bristol	5	 NB	2		TRACT NB-2  NEW BEDFORD CITY	592	479	142	1563	1399	0	0	0	0	0
G2500050NB0003	1960	Massachusetts	25	Bristol	5	 NB	3		TRACT NB-3  NEW BEDFORD CITY	415	335	170	1183	1119	0	0	0	0	0
G2500050NB0004	1960	Massachusetts	25	Bristol	5	 NB	4		TRACT NB-4  NEW BEDFORD CITY	555	448	252	1418	1250	0	0	0	0	0
G2500050NB0005	1960	Massachusetts	25	Bristol	5	 NB	5		TRACT NB-5  NEW BEDFORD CITY	459	358	250	1024	964	0	0	0	0	0
G2500050NB0006	1960	Massachusetts	25	Bristol	5	 NB	6		TRACT NB-6  NEW BEDFORD CITY	385	323	294	1027	894	0	0	0	0	0
G2500050NB0007	1960	Massachusetts	25	Bristol	5	 NB	7		TRACT NB-7  NEW BEDFORD CITY	308	234	462	843	628	0	0	0	0	0
G2500050NB0008	1960	Massachusetts	25	Bristol	5	 NB	8		TRACT NB-8  NEW BEDFORD CITY	474	409	254	1192	1006	0	0	0	0	0
G2500050NB0009	1960	Massachusetts	25	Bristol	5	 NB	9		TRACT NB-9  NEW BEDFORD CITY	458	393	243	1562	1228	0	0	0	0	0
G2500050NB0010	1960	Massachusetts	25	Bristol	5	 NB	10		TRACT NB-10 NEW BEDFORD CITY	405	346	113	1097	1032	8	8	8	8	4
G2500050NB0011	1960	Massachusetts	25	Bristol	5	 NB	11		TRACT NB-11 NEW BEDFORD CITY	389	320	269	1221	1002	4	4	0	4	0
G2500050NB0012	1960	Massachusetts	25	Bristol	5	 NB	12		TRACT NB-12 NEW BEDFORD CITY	329	284	486	1333	993	0	0	0	0	0
G2500050NB0013	1960	Massachusetts	25	Bristol	5	 NB	13		TRACT NB-13 NEW BEDFORD CITY	303	233	591	809	616	17	17	3	10	3
G2500050NB0014	1960	Massachusetts	25	Bristol	5	 NB	14		TRACT NB-14 NEW BEDFORD CITY	375	300	412	1169	1032	30	30	10	16	22
G2500050NB0015	1960	Massachusetts	25	Bristol	5	 NB	15		TRACT NB-15 NEW BEDFORD CITY	323	272	219	1252	944	67	67	15	41	30
G2500050NB0016	1960	Massachusetts	25	Bristol	5	 NB	16		TRACT NB-16 NEW BEDFORD CITY	525	447	332	1362	1190	36	36	9	21	18
G2500050NB0017	1960	Massachusetts	25	Bristol	5	 NB	17		TRACT NB-17 NEW BEDFORD CITY	234	179	949	983	652	101	98	42	73	58
G2500050NB0018	1960	Massachusetts	25	Bristol	5	 NB	18		TRACT NB-18 NEW BEDFORD CITY	21	14	461	61	47	5	5	0	5	5
G2500050NB0019	1960	Massachusetts	25	Bristol	5	 NB	19		TRACT NB-19 NEW BEDFORD CITY	312	256	519	1534	882	131	126	59	80	80
G2500050NB0020	1960	Massachusetts	25	Bristol	5	 NB	20		TRACT NB-20 NEW BEDFORD CITY	315	251	389	959	767	24	24	15	18	24
G2500050NB0021	1960	Massachusetts	25	Bristol	5	 NB	21		TRACT NB-21 NEW BEDFORD CITY	323	261	289	888	795	12	12	4	8	8
G2500050NB0022	1960	Massachusetts	25	Bristol	5	 NB	22		TRACT NB-22 NEW BEDFORD CITY	311	276	209	1032	950	4	4	0	4	4
G2500050NB0023	1960	Massachusetts	25	Bristol	5	 NB	23		TRACT NB-23 NEW BEDFORD CITY	422	371	137	1116	955	10	10	7	10	7
G2500050NB0024	1960	Massachusetts	25	Bristol	5	 NB	24		TRACT NB-24 NEW BEDFORD CITY	349	286	188	835	751	7	4	0	3	3
G2500050NB0025	1960	Massachusetts	25	Bristol	5	 NB	25		TRACT NB-25 NEW BEDFORD CITY	458	366	312	1112	942	0	0	0	0	0
G2500050NB0026	1960	Massachusetts	25	Bristol	5	 NB	26		TRACT  NB-26	312	260	346	1133	861	27	27	8	12	12
G2500050NB0027	1960	Massachusetts	25	Bristol	5	 NB	27		TRACT  NB-27	401	325	341	1139	942	0	0	0	0	0
G2500050NB0028	1960	Massachusetts	25	Bristol	5	 NB	28		TRACT  NB-28	447	347	74	1026	932	0	0	0	0	0
G25000900001	1960	Massachusetts	25	Essex	9		1		TRACT 1  LAWRENCE CITY	78	52	598	131	114	0	0	0	0	0
G25000900002	1960	Massachusetts	25	Essex	9		2		TRACT 2  LAWRENCE CITY	557	438	296	1650	1549	0	0	0	0	0
G25000900003	1960	Massachusetts	25	Essex	9		3		TRACT 3  LAWRENCE CITY	223	173	231	812	652	0	0	0	0	0
G25000900004	1960	Massachusetts	25	Essex	9		4		TRACT 4  LAWRENCE CITY	313	284	237	1038	900	5	5	0	5	5
G25000900005	1960	Massachusetts	25	Essex	9		5		TRACT 5  LAWRENCE CITY	383	307	205	1123	965	0	0	0	0	0
G25000900006	1960	Massachusetts	25	Essex	9		6		TRACT 6  LAWRENCE CITY	462	403	228	1279	1184	0	0	0	0	0
G25000900007	1960	Massachusetts	25	Essex	9		7		TRACT 7  LAWRENCE CITY	427	349	268	1182	1078	4	4	4	4	0
G25000900008	1960	Massachusetts	25	Essex	9		8		TRACT 8  LAWRENCE CITY	631	557	238	1696	1514	0	0	0	0	0
G25000900009	1960	Massachusetts	25	Essex	9		9		TRACT 9  LAWRENCE CITY	196	176	173	581	523	0	0	0	0	0
G25000900010	1960	Massachusetts	25	Essex	9		10		TRACT 10 LAWRENCE CITY	284	253	234	764	669	0	0	0	0	0
G25000900011	1960	Massachusetts	25	Essex	9		11		TRACT 11 LAWRENCE CITY	292	240	375	777	682	0	0	0	0	0
G25000900012	1960	Massachusetts	25	Essex	9		12		TRACT 12 LAWRENCE CITY	93	72	673	355	272	4	4	0	0	4
G25000900013	1960	Massachusetts	25	Essex	9		13		TRACT 13 LAWRENCE CITY	337	301	377	1393	1071	6	6	6	6	6
G25000900014	1960	Massachusetts	25	Essex	9		14		TRACT 14 LAWRENCE CITY	533	460	172	1593	1388	0	0	0	0	0
G25000900015	1960	Massachusetts	25	Essex	9		15		TRACT 15 LAWRENCE CITY	587	482	299	2041	1716	0	0	0	0	0
G25000900016	1960	Massachusetts	25	Essex	9		16		TRACT 16 LAWRENCE CITY	551	459	405	1826	1570	4	4	0	4	4
G25000900017	1960	Massachusetts	25	Essex	9		17		TRACT 17 LAWRENCE CITY	544	497	194	1641	1511	4	4	4	4	4
G25000900018	1960	Massachusetts	25	Essex	9		18		TRACT 18 LAWRENCE CITY	745	654	124	2005	1904	0	0	0	0	0
G2500090A0027	1960	Massachusetts	25	Essex	9	  A	27		TRACT A-27 ANDOVER TOWN	566	500	185	1588	1494	4	4	0	4	0
G2500090A0028	1960	Massachusetts	25	Essex	9	  A	28		TRACT A-28 ANDOVER TOWN	377	331	313	1127	1029	3	3	0	0	0
G2500090A0029	1960	Massachusetts	25	Essex	9	  A	29		TRACT A-29 ANDOVER TOWN	481	432	213	1617	1521	7	7	0	3	3
G2500090A0030	1960	Massachusetts	25	Essex	9	  A	30		TRACT A-30 ANDOVER TOWN	457	398	96	1447	1357	0	0	0	0	0
G2500090EC0001	1960	Massachusetts	25	Essex	9	 EC	1		TRACT EC-1 MANCHESTER TOWN	465	411	212	1386	1291	0	0	0	0	0
G2500090EC0002	1960	Massachusetts	25	Essex	9	 EC	2		TRACT EC-2 HAMILTON TOWN	745	656	335	2321	2086	0	0	0	0	0
G2500090EC0003	1960	Massachusetts	25	Essex	9	 EC	3		TRACT EC-3 WENHAM TOWN	325	290	292	976	910	0	0	0	0	0
G2500090EC0004	1960	Massachusetts	25	Essex	9	 EC	4		TRACT EC-4 BEVERLY CITY	641	534	726	1749	1694	0	0	0	0	0
G2500090EC0005	1960	Massachusetts	25	Essex	9	 EC	5		TRACT EC-5 BEVERLY CITY	649	568	224	1844	1756	8	8	4	8	4
G2500090EC0006	1960	Massachusetts	25	Essex	9	 EC	6		TRACT EC-6 BEVERLY CITY	1052	929	189	3120	2854	0	0	0	0	0
G2500090EC0007	1960	Massachusetts	25	Essex	9	 EC	7		TRACT EC-7 BEVERLY CITY	668	623	257	2197	1977	0	0	0	0	0
G2500090EC0008	1960	Massachusetts	25	Essex	9	 EC	8		TRACT EC-8 BEVERLY CITY	784	703	466	2466	2304	0	0	0	0	0
G2500090EC0009	1960	Massachusetts	25	Essex	9	 EC	9		TRACT EC-9 BEVERLY CITY	581	476	645	1720	1396	0	0	0	0	0
G2500090EC0010	1960	Massachusetts	25	Essex	9	 EC	10		TRACT EC-10 DANVERS TOWN	2581	2210	939	7243	6762	9	9	5	9	5
G2500090EC0011	1960	Massachusetts	25	Essex	9	 EC	11		TRACT EC-11 DANVERS TOWN	6	6	177	35	35	0	0	0	0	0
G2500090EC0012	1960	Massachusetts	25	Essex	9	 EC	12		TRACT EC-12 MIDDLETON TOWN	376	326	248	1252	1167	0	0	0	0	0
G2500090EC0013	1960	Massachusetts	25	Essex	9	 EC	13		TRACT EC-13 PEABODY CITY	419	362	204	1241	1160	0	0	0	0	0
G2500090EC0014	1960	Massachusetts	25	Essex	9	 EC	14		TRACT EC-14 PEABODY CITY	344	302	358	906	846	0	0	0	0	0
G2500090EC0015	1960	Massachusetts	25	Essex	9	 EC	15		TRACT EC-15 PEABODY CITY	411	350	328	1224	1064	9	9	4	4	4
G2500090EC0016	1960	Massachusetts	25	Essex	9	 EC	16		TRACT EC-16 PEABODY CITY	1980	1698	298	5027	4740	0	0	0	0	0
G2500090EC0017	1960	Massachusetts	25	Essex	9	 EC	17		TRACT EC-17 PEABODY CITY	1141	996	191	3143	2968	0	0	0	0	0
G2500090EC0018	1960	Massachusetts	25	Essex	9	 EC	18		TRACT EC-18 LYNNFIELD TOWN	1103	992	244	3284	3091	0	0	0	0	0
G2500090EC0019	1960	Massachusetts	25	Essex	9	 EC	19		TRACT EC-19 SAUGUS TOWN	662	555	133	1738	1641	0	0	0	0	0
G2500090EC0020	1960	Massachusetts	25	Essex	9	 EC	20		TRACT EC-20 SAUGUS TOWN	382	351	69	1056	998	0	0	0	0	0
G2500090EC0021	1960	Massachusetts	25	Essex	9	 EC	21		TRACT EC-21 SAUGUS TOWN	590	528	167	1823	1740	18	18	8	10	7
G2500090EC0022	1960	Massachusetts	25	Essex	9	 EC	22		TRACT EC-22 SAUGUS TOWN	990	865	271	2959	2729	0	0	0	0	0
G2500090EC0023	1960	Massachusetts	25	Essex	9	 EC	23		TRACT EC-23 LYNN CITY	552	514	169	1690	1588	0	0	0	0	0
G2500090EC0024	1960	Massachusetts	25	Essex	9	 EC	24		TRACT EC-24 LYNN CITY	563	508	305	1754	1600	4	4	4	4	4
G2500090EC0025	1960	Massachusetts	25	Essex	9	 EC	25		TRACT EC-25 LYNN CITY	484	392	392	1517	1406	4	4	0	0	4
G2500090EC0026	1960	Massachusetts	25	Essex	9	 EC	26		TRACT EC-26 LYNN CITY	910	799	261	2660	2492	4	4	4	4	4
G2500090EC0027	1960	Massachusetts	25	Essex	9	 EC	27		TRACT EC-27 LYNN CITY	1293	1152	280	4348	3841	13	13	13	13	13
G2500090EC0028	1960	Massachusetts	25	Essex	9	 EC	28		TRACT EC-28 LYNN CITY	511	423	176	1453	1313	0	0	0	0	0
G2500090EC0029	1960	Massachusetts	25	Essex	9	 EC	29		TRACT EC-29 LYNN CITY	331	280	236	969	776	0	0	0	0	0
G2500090EC0030	1960	Massachusetts	25	Essex	9	 EC	30		TRACT EC-30 LYNN CITY	407	344	306	1130	976	4	4	0	0	0
G2500090EC0031	1960	Massachusetts	25	Essex	9	 EC	31		TRACT EC-31 LYNN CITY	267	207	353	881	799	3	3	3	3	0
G2500090EC0032	1960	Massachusetts	25	Essex	9	 EC	32		TRACT EC-32 LYNN CITY	316	264	482	1031	843	4	4	4	4	4
G2500090EC0033	1960	Massachusetts	25	Essex	9	 EC	33		TRACT EC-33 LYNN CITY	574	475	409	1651	1353	8	8	0	4	0
G2500090EC0034	1960	Massachusetts	25	Essex	9	 EC	34		TRACT EC-34 LYNN CITY	519	479	221	1708	1536	60	60	34	46	49
G2500090EC0035	1960	Massachusetts	25	Essex	9	 EC	35		TRACT EC-35 LYNN CITY	637	542	255	1866	1663	10	10	0	0	0
G2500090EC0036	1960	Massachusetts	25	Essex	9	 EC	36		TRACT EC-36 LYNN CITY	383	332	310	1219	1058	25	25	18	18	15
G2500090EC0037	1960	Massachusetts	25	Essex	9	 EC	37		TRACT EC-37 LYNN CITY	493	410	400	1329	1158	0	0	0	0	0
G2500090EC0038	1960	Massachusetts	25	Essex	9	 EC	38		TRACT EC-38 LYNN CITY	287	215	764	817	691	0	0	0	0	0
G2500090EC0039	1960	Massachusetts	25	Essex	9	 EC	39		TRACT EC-39 LYNN CITY	239	161	738	602	504	9	9	9	9	9
G2500090EC0040	1960	Massachusetts	25	Essex	9	 EC	40		TRACT EC-40 LYNN CITY	207	142	1385	863	633	0	0	0	0	0
G2500090EC0041	1960	Massachusetts	25	Essex	9	 EC	41		TRACT EC-41 LYNN CITY	378	319	779	1456	1149	41	41	19	25	25
G2500090EC0042	1960	Massachusetts	25	Essex	9	 EC	42		TRACT EC-42 LYNN CITY	346	279	194	1138	994	31	31	14	25	21
G2500090EC0043	1960	Massachusetts	25	Essex	9	 EC	43		TRACT EC-43 SALEM CITY	490	398	504	1487	1259	11	11	5	5	0
G2500090EC0044	1960	Massachusetts	25	Essex	9	 EC	44		TRACT EC-44 SALEM CITY	379	319	479	1219	1075	0	0	0	0	0
G2500090EC0045	1960	Massachusetts	25	Essex	9	 EC	45		TRACT EC-45 SALEM CITY	490	382	653	1319	1160	0	0	0	0	0
G2500090EC0046	1960	Massachusetts	25	Essex	9	 EC	46		TRACT EC-46 SALEM CITY	302	235	563	1050	911	0	0	0	0	0
G2500090EC0047	1960	Massachusetts	25	Essex	9	 EC	47		TRACT EC-47 SALEM CITY	650	563	289	2311	2009	0	0	0	0	0
G2500090EC0048	1960	Massachusetts	25	Essex	9	 EC	48		TRACT EC-48 SALEM CITY	649	552	412	1976	1814	0	0	0	0	0
G2500090EC0049	1960	Massachusetts	25	Essex	9	 EC	49		TRACT EC-49 SALEM CITY	924	811	439	2784	2608	4	4	4	4	4
G2500090EC0050	1960	Massachusetts	25	Essex	9	 EC	50		TRACT EC-50 MARBLEHEAD TOWN	2192	1935	1036	6274	5933	8	8	0	8	4
G2500090EC0051	1960	Massachusetts	25	Essex	9	 EC	51		TRACT EC-51 SWAMPSCOTT TOWN	1201	1036	791	4325	3914	4	4	0	0	0
G2500090EC0052	1960	Massachusetts	25	Essex	9	 EC	52		TRACT EC-52 NAHANT TOWN	455	388	304	1392	1319	12	12	12	12	12
G2500090EC0053	1960	Massachusetts	25	Essex	9	 EC	53		TRACT EC-53 TOPSFIELD TOWN	487	456	158	1431	1374	0	0	0	0	0
G2500090M0019	1960	Massachusetts	25	Essex	9	  M	19		TRACT M-19 METHUEN TOWN	558	461	191	1552	1426	0	0	0	0	0
G2500090M0020	1960	Massachusetts	25	Essex	9	  M	20		TRACT M-20 METHUEN TOWN	417	372	91	1297	1229	0	0	0	0	0
G2500090M0021	1960	Massachusetts	25	Essex	9	  M	21		TRACT M-21 METHUEN TOWN	541	447	311	1528	1446	4	4	0	4	0
G2500090M0022	1960	Massachusetts	25	Essex	9	  M	22		TRACT M-22 METHUEN TOWN	517	447	198	1544	1398	4	4	4	4	4
G2500090M0023	1960	Massachusetts	25	Essex	9	  M	23		TRACT M-23 METHUEN TOWN	720	625	226	1962	1893	0	0	0	0	0
G2500090M0024	1960	Massachusetts	25	Essex	9	  M	24		TRACT M-24 METHUEN TOWN	541	459	140	1572	1460	4	4	0	0	0
G2500090N0025	1960	Massachusetts	25	Essex	9	  N	25		TRACT N-25 NORTH ANDOVER TOWN	640	575	244	2065	1963	4	4	0	4	4
G2500090N0026	1960	Massachusetts	25	Essex	9	  N	26		TRACT N-26 NORTH ANDOVER TOWN	531	453	293	1703	1595	0	0	0	0	0
G25001300001	1960	Massachusetts	25	Hampden	13		1		TRACT 1   SPRINGFIELD CITY	1076	938	417	3177	2844	14	14	10	14	14
G25001300002	1960	Massachusetts	25	Hampden	13		2		TRACT 2   SPRINGFIELD CITY	1280	1078	204	3110	2988	24	24	14	17	20
G25001300003	1960	Massachusetts	25	Hampden	13		3		TRACT 3   SPRINGFIELD CITY	550	473	155	1663	1553	4	4	0	4	0
G25001300004	1960	Massachusetts	25	Hampden	13		4		TRACT 4   SPRINGFIELD CITY	816	691	265	2464	2303	0	0	0	0	0
G25001300005	1960	Massachusetts	25	Hampden	13		5		TRACT 5   SPRINGFIELD CITY	436	373	479	1259	1187	4	4	4	4	4
G25001300006	1960	Massachusetts	25	Hampden	13		6		TRACT 6   SPRINGFIELD CITY	657	493	692	1777	1540	0	0	0	0	0
G25001300007	1960	Massachusetts	25	Hampden	13		7		TRACT 7   SPRINGFIELD CITY	346	310	109	1224	1124	14	14	11	11	14
G25001300008	1960	Massachusetts	25	Hampden	13		8		TRACT 8   SPRINGFIELD CITY	481	370	662	1821	1432	97	93	61	82	66
G25001300009	1960	Massachusetts	25	Hampden	13		9		TRACT 9   SPRINGFIELD CITY	571	479	517	1665	1485	7	7	4	4	7
G25001300010	1960	Massachusetts	25	Hampden	13		10		TRACT 10  SPRINGFIELD CITY	211	167	875	958	637	251	238	138	171	183
G25001300011A	1960	Massachusetts	25	Hampden	13		11	A	TRACT 11-A SPRINGFIELD CITY	0	0	701	8	8	0	0	0	0	0
G25001300011B	1960	Massachusetts	25	Hampden	13		11	B	TRACT 11-B SPRINGFIELD CITY	217	192	643	748	559	26	26	16	16	16
G25001300012	1960	Massachusetts	25	Hampden	13		12		TRACT 12  SPRINGFIELD CITY	274	172	1250	629	494	16	16	11	16	10
G25001300013	1960	Massachusetts	25	Hampden	13		13		TRACT 13  SPRINGFIELD CITY	545	395	973	1897	1516	330	310	149	210	223
G25001300014	1960	Massachusetts	25	Hampden	13		14		TRACT 14  SPRINGFIELD CITY	946	770	382	2770	2276	417	402	205	279	348
G25001300015A	1960	Massachusetts	25	Hampden	13		15	A	TRACT 15-A SPRINGFIELD CITY	507	456	249	1720	1574	16	12	0	8	12
G25001300015B	1960	Massachusetts	25	Hampden	13		15	B	TRACT 15-B SPRINGFIELD CITY	665	547	148	1732	1591	19	19	6	13	9
G25001300015C	1960	Massachusetts	25	Hampden	13		15	C	TRACT 15-C SPRINGFIELD CITY	444	388	81	1055	982	0	0	0	0	0
G25001300016A	1960	Massachusetts	25	Hampden	13		16	A	TRACT 16-A SPRINGFIELD CITY	701	618	16	1856	1818	4	4	0	0	0
G25001300016B	1960	Massachusetts	25	Hampden	13		16	B	TRACT 16-B SPRINGFIELD CITY	624	540	124	1496	1453	0	0	0	0	0
G25001300016C	1960	Massachusetts	25	Hampden	13		16	C	TRACT 16-C SPRINGFIELD CITY	418	360	38	983	946	7	7	0	4	4
G25001300016D	1960	Massachusetts	25	Hampden	13		16	D	TRACT 16-D SPRINGFIELD CITY	436	396	20	1144	1093	0	0	0	0	0
G25001300016E	1960	Massachusetts	25	Hampden	13		16	E	TRACT 16-E SPRINGFIELD CITY	320	313	40	915	897	0	0	0	0	0
G25001300017	1960	Massachusetts	25	Hampden	13		17		TRACT 17  SPRINGFIELD CITY	766	624	1346	2090	1761	103	85	45	57	87
G25001300018	1960	Massachusetts	25	Hampden	13		18		TRACT 18  SPRINGFIELD CITY	872	637	720	2760	2055	751	729	339	469	555
G25001300019	1960	Massachusetts	25	Hampden	13		19		TRACT 19  SPRINGFIELD CITY	838	656	1505	2145	1861	160	155	90	122	139
G25001300020	1960	Massachusetts	25	Hampden	13		20		TRACT 20  SPRINGFIELD CITY	571	449	596	1336	1151	26	26	13	13	19
G25001300021	1960	Massachusetts	25	Hampden	13		21		TRACT 21  SPRINGFIELD CITY	669	531	748	2113	1907	0	0	0	0	0
G25001300022	1960	Massachusetts	25	Hampden	13		22		TRACT 22  SPRINGFIELD CITY	379	302	283	1159	1089	0	0	0	0	0
G25001300023	1960	Massachusetts	25	Hampden	13		23		TRACT 23  SPRINGFIELD CITY	869	751	465	2597	2340	8	8	3	3	8
G25001300024	1960	Massachusetts	25	Hampden	13		24		TRACT 24  SPRINGFIELD CITY	504	448	125	1494	1442	4	4	4	4	0
G25001300025	1960	Massachusetts	25	Hampden	13		25		TRACT 25  SPRINGFIELD CITY	845	776	236	2696	2570	4	4	4	4	4
G25001300026	1960	Massachusetts	25	Hampden	13		26		TRACT 26  SPRINGFIELD CITY	1103	997	342	3322	3138	0	0	0	0	0
G2500130AG0040	1960	Massachusetts	25	Hampden	13	 AG	40		TRACT AG-40 AGAWAM TOWN	2167	1867	408	5895	5625	0	0	0	0	0
G2500130CH0027	1960	Massachusetts	25	Hampden	13	 CH	27		TRACT CH-27 CHICOPEE CITY	1236	1078	130	3087	2967	0	0	0	0	0
G2500130CH0028	1960	Massachusetts	25	Hampden	13	 CH	28		TRACT CH-28 CHICOPEE CITY	917	754	187	2376	2189	4	4	0	4	4
G2500130CH0029	1960	Massachusetts	25	Hampden	13	 CH	29		TRACT CH-29 CHICOPEE CITY	1324	1144	339	3762	3384	0	0	0	0	0
G2500130CH0030	1960	Massachusetts	25	Hampden	13	 CH	30		TRACT CH-30 CHICOPEE CITY	778	711	109	2286	2209	0	0	0	0	0
G2500130CH0031	1960	Massachusetts	25	Hampden	13	 CH	31		TRACT CH-31 CHICOPEE CITY	875	730	887	2349	2208	0	0	0	0	0
G2500130CH0032	1960	Massachusetts	25	Hampden	13	 CH	32		TRACT CH-32 CHICOPEE CITY	639	508	482	1460	1307	0	0	0	0	0
G2500130CH0033	1960	Massachusetts	25	Hampden	13	 CH	33		TRACT CH-33 CHICOPEE CITY	874	725	282	2348	2182	0	0	0	0	0
G2500130CH0034	1960	Massachusetts	25	Hampden	13	 CH	34		TRACT CH-34 CHICOPEE CITY	559	468	89	1442	1359	0	0	0	0	0
G2500130CH0035	1960	Massachusetts	25	Hampden	13	 CH	35		TRACT CH-35 CHICOPEE CITY	1222	1008	2866	2643	2541	88	88	71	78	78
G2500130EL0038	1960	Massachusetts	25	Hampden	13	 EL	38		TRACT EL-38 EAST LONGMEADOW TOWN	1487	1350	242	4090	3954	4	4	0	4	4
G2500130HO0044	1960	Massachusetts	25	Hampden	13	 HO	44		TRACT HO-44 HOLYOKE CITY	1088	957	836	3213	3026	8	8	0	4	4
G2500130HO0045	1960	Massachusetts	25	Hampden	13	 HO	45		TRACT HO-45 HOLYOKE CITY	805	698	408	2420	2263	0	0	0	0	0
G2500130HO0046	1960	Massachusetts	25	Hampden	13	 HO	46		TRACT HO-46 HOLYOKE CITY	798	660	1234	2508	1993	28	28	28	28	28
G2500130HO0047	1960	Massachusetts	25	Hampden	13	 HO	47		TRACT HO-47 HOLYOKE CITY	552	479	511	1830	1540	36	36	23	27	32
G2500130HO0048	1960	Massachusetts	25	Hampden	13	 HO	48		TRACT HO-48 HOLYOKE CITY	685	602	373	2165	1843	16	16	12	12	9
G2500130HO0049	1960	Massachusetts	25	Hampden	13	 HO	49		TRACT HO-49 HOLYOKE CITY	356	287	852	1343	1068	0	0	0	0	0
G2500130HO0050	1960	Massachusetts	25	Hampden	13	 HO	50		TRACT HO-50 HOLYOKE CITY	559	405	418	1468	1327	0	0	0	0	0
G2500130HO0051	1960	Massachusetts	25	Hampden	13	 HO	51		TRACT HO-51 HOLYOKE CITY	400	365	182	1329	1239	0	0	0	0	0
G2500130LO0039	1960	Massachusetts	25	Hampden	13	 LO	39		TRACT LO-39 LONGMEADOW TOWN	1047	953	538	3795	3689	0	0	0	0	0
G2500130LU0036	1960	Massachusetts	25	Hampden	13	 LU	36		TRACT LU-36 LUDLOW TOWN	2064	1782	514	5146	4922	0	0	0	0	0
G2500130WI0037	1960	Massachusetts	25	Hampden	13	 WI	37		TRACT WI-37 WILBRAHAM TOWN	996	859	160	2799	2623	4	4	4	4	4
G2500130WS0041	1960	Massachusetts	25	Hampden	13	 WS	41		TRACT WS-41 WEST SPRINGFIELD TOWN	871	715	394	2247	1934	0	0	0	0	0
G2500130WS0042	1960	Massachusetts	25	Hampden	13	 WS	42		TRACT WS-42 WEST SPRINGFIELD TOWN	627	523	445	2033	1688	0	0	0	0	0
G2500130WS0043	1960	Massachusetts	25	Hampden	13	 WS	43		TRACT WS-43 WEST SPRINGFIELD TOWN	1630	1419	346	4848	4697	4	4	4	4	4
G25001700001	1960	Massachusetts	25	Middlesex	17		1		TRACT 1  LOWELL CITY	100	84	893	224	178	7	7	7	7	7
G25001700002	1960	Massachusetts	25	Middlesex	17		2		TRACT 2  LOWELL CITY	606	511	347	1767	1619	0	0	0	0	0
G25001700003	1960	Massachusetts	25	Middlesex	17		3		TRACT 3  LOWELL CITY	598	483	212	1842	1673	4	4	0	4	0
G25001700004	1960	Massachusetts	25	Middlesex	17		4		TRACT 4  LOWELL CITY	451	381	249	1366	1228	0	0	0	0	0
G25001700005	1960	Massachusetts	25	Middlesex	17		5		TRACT 5  LOWELL CITY	394	336	390	1212	1098	0	0	0	0	0
G25001700006	1960	Massachusetts	25	Middlesex	17		6		TRACT 6  LOWELL CITY	580	471	245	1785	1664	4	4	4	4	4
G25001700007	1960	Massachusetts	25	Middlesex	17		7		TRACT 7  LOWELL CITY	402	304	244	1105	966	0	0	0	0	0
G25001700008	1960	Massachusetts	25	Middlesex	17		8		TRACT 8  LOWELL CITY	269	201	443	908	791	0	0	0	0	0
G25001700009	1960	Massachusetts	25	Middlesex	17		9		TRACT 9  LOWELL CITY	163	125	599	480	402	0	0	0	0	0
G25001700010	1960	Massachusetts	25	Middlesex	17		10		TRACT 10 LOWELL CITY	116	111	153	653	421	0	0	0	0	0
G25001700011	1960	Massachusetts	25	Middlesex	17		11		TRACT 11 LOWELL CITY	308	224	255	1011	819	4	4	4	4	4
G25001700012	1960	Massachusetts	25	Middlesex	17		12		TRACT 12 LOWELL CITY	376	303	312	1066	956	0	0	0	0	0
G25001700013	1960	Massachusetts	25	Middlesex	17		13		TRACT 13 LOWELL CITY	340	286	236	1066	974	0	0	0	0	0
G25001700014	1960	Massachusetts	25	Middlesex	17		14		TRACT 14 LOWELL CITY	243	200	109	799	750	0	0	0	0	0
G25001700015	1960	Massachusetts	25	Middlesex	17		15		TRACT 15 LOWELL CITY	251	196	185	810	795	0	0	0	0	0
G25001700016	1960	Massachusetts	25	Middlesex	17		16		TRACT 16 LOWELL CITY	546	486	173	1743	1548	0	0	0	0	0
G25001700017	1960	Massachusetts	25	Middlesex	17		17		TRACT 17 LOWELL CITY	482	439	276	1359	1253	0	0	0	0	0
G25001700018	1960	Massachusetts	25	Middlesex	17		18		TRACT 18 LOWELL CITY	500	415	295	1649	1474	24	24	16	20	16
G25001700019	1960	Massachusetts	25	Middlesex	17		19		TRACT 19 LOWELL CITY	379	335	509	1538	1225	4	4	0	0	0
G25001700020	1960	Massachusetts	25	Middlesex	17		20		TRACT 20 LOWELL CITY	294	238	232	1029	930	4	4	0	4	4
G25001700021	1960	Massachusetts	25	Middlesex	17		21		TRACT 21 LOWELL CITY	295	256	139	976	838	0	0	0	0	0
G25001700022	1960	Massachusetts	25	Middlesex	17		22		TRACT 22 LOWELL CITY	545	492	97	2005	1703	0	0	0	0	0
G25001700023	1960	Massachusetts	25	Middlesex	17		23		TRACT 23 LOWELL CITY	338	297	144	1143	1069	0	0	0	0	0
G25001700024	1960	Massachusetts	25	Middlesex	17		24		TRACT 24 LOWELL CITY	290	244	321	891	792	0	0	0	0	0
G25001700025	1960	Massachusetts	25	Middlesex	17		25		TRACT 25 LOWELL CITY	739	621	380	2209	2105	0	0	0	0	0
G25001700026	1960	Massachusetts	25	Middlesex	17		26		TRACT 26 TYNGSBOROUGH TOWN	408	382	201	1345	1281	0	0	0	0	0
G25001700027	1960	Massachusetts	25	Middlesex	17		27		TRACT 27 DRACUT TOWN	802	710	151	2337	2150	0	0	0	0	0
G25001700028	1960	Massachusetts	25	Middlesex	17		28		TRACT 28 DRACUT TOWN	463	412	131	1648	1502	0	0	0	0	0
G25001700029	1960	Massachusetts	25	Middlesex	17		29		TRACT 29 DRACUT TOWN	528	474	125	1585	1480	4	4	4	4	4
G25001700030	1960	Massachusetts	25	Middlesex	17		30		TRACT 30 CHELMSFORD TOWN	566	506	154	1572	1481	0	0	0	0	0
G25001700031	1960	Massachusetts	25	Middlesex	17		31		TRACT 31 CHELMSFORD TOWN	694	633	89	1969	1899	0	0	0	0	0
G25001700032	1960	Massachusetts	25	Middlesex	17		32		TRACT 32 CHELMSFORD TOWN	804	685	235	2192	2106	0	0	0	0	0
G25001700033	1960	Massachusetts	25	Middlesex	17		33		TRACT 33 TEWKSBURY TOWN	276	241	67	878	862	0	0	0	0	0
G25001700034	1960	Massachusetts	25	Middlesex	17		34		TRACT 34 TEWKSBURY TOWN	420	356	67	1162	1120	0	0	0	0	0
G25001700035	1960	Massachusetts	25	Middlesex	17		35		TRACT 35 TEWKSBURY TOWN	10	10	84	114	30	0	0	0	0	0
G25001700036	1960	Massachusetts	25	Middlesex	17		36		TRACT 36 TEWKSBURY TOWN	555	504	65	1600	1528	4	4	0	0	4
G25001700037	1960	Massachusetts	25	Middlesex	17		37		TRACT 37 TEWKSBURY TOWN	941	894	124	3162	2943	0	0	0	0	0
G25001700038	1960	Massachusetts	25	Middlesex	17		38		TRACT 38 BILLERICA TOWN	524	424	154	1597	1437	0	0	0	0	0
G25001700039	1960	Massachusetts	25	Middlesex	17		39		TRACT 39 BILLERICA TOWN	294	262	41	937	872	0	0	0	0	0
G25001700040	1960	Massachusetts	25	Middlesex	17		40		TRACT 40 BILLERICA TOWN	572	544	138	1730	1674	0	0	0	0	0
G25001700041	1960	Massachusetts	25	Middlesex	17		41		TRACT 41 BILLERICA TOWN	526	442	149	1515	1418	0	0	0	0	0
G25001700042	1960	Massachusetts	25	Middlesex	17		42		TRACT 42 BILLERICA TOWN	481	436	114	1731	1548	4	4	0	0	0
G2500170MC0001	1960	Massachusetts	25	Middlesex	17	 MC	1		TRACT MC-1  CAMBRIDGE CITY	260	225	199	806	711	0	0	0	0	0
G2500170MC0002	1960	Massachusetts	25	Middlesex	17	 MC	2		TRACT MC-2  CAMBRIDGE CITY	183	122	136	498	354	4	4	0	0	4
G2500170MC0003	1960	Massachusetts	25	Middlesex	17	 MC	3		TRACT MC-3  CAMBRIDGE CITY	296	276	103	837	748	0	0	0	0	0
G2500170MC0004	1960	Massachusetts	25	Middlesex	17	 MC	4		TRACT MC-4  CAMBRIDGE CITY	237	212	211	1437	945	25	25	12	12	19
G2500170MC0005	1960	Massachusetts	25	Middlesex	17	 MC	5		TRACT MC-5  CAMBRIDGE CITY	304	242	311	906	792	102	97	33	39	41
G2500170MC0006	1960	Massachusetts	25	Middlesex	17	 MC	6		TRACT MC-6  CAMBRIDGE CITY	340	293	139	970	848	0	0	0	0	0
G2500170MC0007	1960	Massachusetts	25	Middlesex	17	 MC	7		TRACT MC-7  CAMBRIDGE CITY	335	270	265	1270	1050	16	13	16	16	13
G2500170MC0008	1960	Massachusetts	25	Middlesex	17	 MC	8		TRACT MC-8  CAMBRIDGE CITY	280	230	195	863	807	9	9	4	4	0
G2500170MC0009	1960	Massachusetts	25	Middlesex	17	 MC	9		TRACT MC-9  CAMBRIDGE CITY	339	268	672	879	773	7	7	0	7	7
G2500170MC0010	1960	Massachusetts	25	Middlesex	17	 MC	10		TRACT MC-10 CAMBRIDGE CITY	294	143	1217	670	536	33	30	11	18	27
G2500170MC0011	1960	Massachusetts	25	Middlesex	17	 MC	11		TRACT MC-11 CAMBRIDGE CITY	217	140	2799	725	462	53	53	24	33	44
G2500170MC0012	1960	Massachusetts	25	Middlesex	17	 MC	12		TRACT MC-12 CAMBRIDGE CITY	370	284	291	1038	837	47	47	27	35	41
G2500170MC0013	1960	Massachusetts	25	Middlesex	17	 MC	13		TRACT MC-13 CAMBRIDGE CITY	522	399	602	1275	1090	41	41	9	17	18
G2500170MC0014	1960	Massachusetts	25	Middlesex	17	 MC	14		TRACT MC-14 CAMBRIDGE CITY	230	177	191	789	617	109	105	42	65	72
G2500170MC0015	1960	Massachusetts	25	Middlesex	17	 MC	15		TRACT MC-15 CAMBRIDGE CITY	277	223	242	1105	757	152	149	70	102	108
G2500170MC0016	1960	Massachusetts	25	Middlesex	17	 MC	16		TRACT MC-16 CAMBRIDGE CITY	556	345	2561	926	778	48	48	16	23	24
G2500170MC0017	1960	Massachusetts	25	Middlesex	17	 MC	17		TRACT MC-17 CAMBRIDGE CITY	446	195	3036	700	501	31	31	0	0	13
G2500170MC0018	1960	Massachusetts	25	Middlesex	17	 MC	18		TRACT MC-18 CAMBRIDGE CITY	572	240	1488	662	527	37	37	9	18	31
G2500170MC0019	1960	Massachusetts	25	Middlesex	17	 MC	19		TRACT MC-19 CAMBRIDGE CITY	193	91	2909	376	274	46	46	0	14	14
G2500170MC0020	1960	Massachusetts	25	Middlesex	17	 MC	20		TRACT MC-20 CAMBRIDGE CITY	349	124	2605	431	308	4	4	4	4	0
G2500170MC0021	1960	Massachusetts	25	Middlesex	17	 MC	21		TRACT MC-21 CAMBRIDGE CITY	295	132	1372	455	414	15	15	8	8	12
G2500170MC0022	1960	Massachusetts	25	Middlesex	17	 MC	22		TRACT MC-22 CAMBRIDGE CITY	408	278	756	1029	917	0	0	0	0	0
G2500170MC0023	1960	Massachusetts	25	Middlesex	17	 MC	23		TRACT MC-23 CAMBRIDGE CITY	381	303	127	1227	1168	4	4	0	0	4
G2500170MC0024	1960	Massachusetts	25	Middlesex	17	 MC	24		TRACT MC-24 CAMBRIDGE CITY	275	232	144	865	734	90	90	19	38	40
G2500170MC0025	1960	Massachusetts	25	Middlesex	17	 MC	25		TRACT MC-25 CAMBRIDGE CITY	387	223	764	603	557	15	15	0	0	15
G2500170MC0026	1960	Massachusetts	25	Middlesex	17	 MC	26		TRACT MC-26 CAMBRIDGE CITY	431	335	257	1207	1089	140	131	35	73	93
G2500170MC0027	1960	Massachusetts	25	Middlesex	17	 MC	27		TRACT MC-27 CAMBRIDGE CITY	355	273	281	999	874	90	84	36	51	57
G2500170MC0028	1960	Massachusetts	25	Middlesex	17	 MC	28		TRACT MC-28 CAMBRIDGE CITY	220	171	297	743	657	23	16	10	17	13
G2500170MC0029	1960	Massachusetts	25	Middlesex	17	 MC	29		TRACT MC-29 CAMBRIDGE CITY	579	513	258	1899	1677	24	24	15	15	20
G2500170MC0030	1960	Massachusetts	25	Middlesex	17	 MC	30		TRACT MC-30 CAMBRIDGE CITY	276	215	198	880	811	20	20	5	9	4
G2500170MC0031	1960	Massachusetts	25	Middlesex	17	 MC	31		TRACT MC-31 SOMERVILLE CITY	814	739	302	2381	2136	0	0	0	0	0
G2500170MC0032	1960	Massachusetts	25	Middlesex	17	 MC	32		TRACT MC-32 SOMERVILLE CITY	374	326	1000	1071	1015	0	0	0	0	0
G2500170MC0033	1960	Massachusetts	25	Middlesex	17	 MC	33		TRACT MC-33 SOMERVILLE CITY	224	166	214	619	604	0	0	0	0	0
G2500170MC0034	1960	Massachusetts	25	Middlesex	17	 MC	34		TRACT MC-34 SOMERVILLE CITY	292	246	88	875	790	61	54	20	46	30
G2500170MC0035	1960	Massachusetts	25	Middlesex	17	 MC	35		TRACT MC-35 SOMERVILLE CITY	439	361	516	1254	1194	7	7	3	7	3
G2500170MC0036	1960	Massachusetts	25	Middlesex	17	 MC	36		TRACT MC-36 SOMERVILLE CITY	907	712	548	2392	2194	8	8	4	4	8
G2500170MC0037	1960	Massachusetts	25	Middlesex	17	 MC	37		TRACT MC-37 SOMERVILLE CITY	315	245	87	1098	943	0	0	0	0	0
G2500170MC0038	1960	Massachusetts	25	Middlesex	17	 MC	38		TRACT MC-38 SOMERVILLE CITY	1037	845	439	2765	2476	4	4	0	0	0
G2500170MC0039	1960	Massachusetts	25	Middlesex	17	 MC	39		TRACT MC-39 SOMERVILLE CITY	659	503	681	2097	1897	0	0	0	0	0
G2500170MC0040	1960	Massachusetts	25	Middlesex	17	 MC	40		TRACT MC-40 SOMERVILLE CITY	922	743	530	2511	2262	0	0	0	0	0
G2500170MC0041	1960	Massachusetts	25	Middlesex	17	 MC	41		TRACT MC-41 SOMERVILLE CITY	1197	1026	350	4157	3471	4	4	0	4	4
G2500170MC0042	1960	Massachusetts	25	Middlesex	17	 MC	42		TRACT MC-42 SOMERVILLE CITY	1059	886	614	3158	2662	0	0	0	0	0
G2500170MC0043	1960	Massachusetts	25	Middlesex	17	 MC	43		TRACT MC-43 SOMERVILLE CITY	506	405	437	1334	1181	0	0	0	0	0
G2500170MC0044	1960	Massachusetts	25	Middlesex	17	 MC	44		TRACT MC-44 SOMERVILLE CITY	1251	997	557	3563	3129	0	0	0	0	0
G2500170MC0045	1960	Massachusetts	25	Middlesex	17	 MC	45		TRACT MC-45 SOMERVILLE CITY	259	230	99	645	543	5	5	0	0	0
G2500170MC0046	1960	Massachusetts	25	Middlesex	17	 MC	46		TRACT MC-46 EVERETT CITY	1182	1026	342	3179	2936	8	8	0	0	0
G2500170MC0047	1960	Massachusetts	25	Middlesex	17	 MC	47		TRACT MC-47 EVERETT CITY	951	798	456	2626	2419	40	40	12	20	16
G2500170MC0048	1960	Massachusetts	25	Middlesex	17	 MC	48		TRACT MC-48 EVERETT CITY	798	663	290	2255	2064	31	31	8	16	12
G2500170MC0049	1960	Massachusetts	25	Middlesex	17	 MC	49		TRACT MC-49 EVERETT CITY	480	384	429	1403	1268	17	17	2	8	5
G2500170MC0050	1960	Massachusetts	25	Middlesex	17	 MC	50		TRACT MC-50 EVERETT CITY	790	673	601	2250	2076	17	17	6	9	12
G2500170MC0051	1960	Massachusetts	25	Middlesex	17	 MC	51		TRACT MC-51 EVERETT CITY	460	386	198	1331	1255	4	4	4	4	4
G2500170MC0052	1960	Massachusetts	25	Middlesex	17	 MC	52		TRACT MC-52 EVERETT CITY	199	178	51	739	673	13	13	13	13	8
G2500170MC0053	1960	Massachusetts	25	Middlesex	17	 MC	53		TRACT MC-53 MEDFORD CITY	680	608	231	2339	2192	4	4	0	0	0
G2500170MC0054	1960	Massachusetts	25	Middlesex	17	 MC	54		TRACT MC-54 MEDFORD CITY	801	706	578	3169	2978	4	4	4	4	4
G2500170MC0055	1960	Massachusetts	25	Middlesex	17	 MC	55		TRACT MC-55 MEDFORD CITY	585	512	305	1882	1731	0	0	0	0	0
G2500170MC0056	1960	Massachusetts	25	Middlesex	17	 MC	56		TRACT MC-56 MEDFORD CITY	718	606	236	2162	1960	0	0	0	0	0
G2500170MC0057	1960	Massachusetts	25	Middlesex	17	 MC	57		TRACT MC-57 MEDFORD CITY	799	686	209	2410	2219	0	0	0	0	0
G2500170MC0058	1960	Massachusetts	25	Middlesex	17	 MC	58		TRACT MC-58 MEDFORD CITY	672	576	156	1904	1673	0	0	0	0	0
G2500170MC0059	1960	Massachusetts	25	Middlesex	17	 MC	59		TRACT MC-59 MEDFORD CITY	829	710	231	2203	2054	0	0	0	0	0
G2500170MC0060	1960	Massachusetts	25	Middlesex	17	 MC	60		TRACT MC-60 MEDFORD CITY	569	523	1270	1676	1502	5	5	5	5	5
G2500170MC0061	1960	Massachusetts	25	Middlesex	17	 MC	61		TRACT MC-61 MEDFORD CITY	865	710	502	2647	2383	229	224	88	143	118
G2500170MC0062	1960	Massachusetts	25	Middlesex	17	 MC	62		TRACT MC-62 MALDEN CITY	700	631	218	2289	2096	4	4	0	4	4
G2500170MC0063	1960	Massachusetts	25	Middlesex	17	 MC	63		TRACT MC-63 MALDEN CITY	911	789	361	3062	2511	87	87	24	48	60
G2500170MC0064	1960	Massachusetts	25	Middlesex	17	 MC	64		TRACT MC-64 MALDEN CITY	649	561	233	1862	1695	9	4	9	9	9
G2500170MC0065	1960	Massachusetts	25	Middlesex	17	 MC	65		TRACT MC-65 MALDEN CITY	641	561	500	1897	1794	12	12	4	8	12
G2500170MC0066	1960	Massachusetts	25	Middlesex	17	 MC	66		TRACT MC-66 MALDEN CITY	666	558	286	1819	1559	22	22	6	6	16
G2500170MC0067	1960	Massachusetts	25	Middlesex	17	 MC	67		TRACT MC-67 MALDEN CITY	672	540	400	1929	1778	0	0	0	0	0
G2500170MC0068	1960	Massachusetts	25	Middlesex	17	 MC	68		TRACT MC-68 MALDEN CITY	396	278	767	995	911	10	10	2	6	2
G2500170MC0069	1960	Massachusetts	25	Middlesex	17	 MC	69		TRACT MC-69 MALDEN CITY	722	587	948	2058	1832	5	5	5	5	5
G2500170MC0070	1960	Massachusetts	25	Middlesex	17	 MC	70		TRACT MC-70 MALDEN CITY	840	704	312	2314	2094	0	0	0	0	0
G2500170MC0071	1960	Massachusetts	25	Middlesex	17	 MC	71		TRACT MC-71 MELROSE CITY	632	542	395	2217	2051	0	0	0	0	0
G2500170MC0072	1960	Massachusetts	25	Middlesex	17	 MC	72		TRACT MC-72 MELROSE CITY	640	580	331	2139	2064	3	3	0	3	0
G2500170MC0073	1960	Massachusetts	25	Middlesex	17	 MC	73		TRACT MC-73 MELROSE CITY	833	698	617	2682	2486	12	12	4	8	4
G2500170MC0074	1960	Massachusetts	25	Middlesex	17	 MC	74		TRACT MC-74 MELROSE CITY	832	711	256	2794	2645	7	7	3	3	3
G2500170MC0075	1960	Massachusetts	25	Middlesex	17	 MC	75		TRACT MC-75 STONEHAM TOWN	1458	1252	397	4664	4375	0	0	0	0	0
G2500170MC0076	1960	Massachusetts	25	Middlesex	17	 MC	76		TRACT MC-76 STONEHAM TOWN	671	567	323	2093	1872	0	0	0	0	0
G2500170MC0077	1960	Massachusetts	25	Middlesex	17	 MC	77		TRACT MC-77 WAKEFIELD TOWN	876	754	220	2440	2349	8	8	0	0	0
G2500170MC0078	1960	Massachusetts	25	Middlesex	17	 MC	78		TRACT MC-78 WAKEFIELD TOWN	851	734	470	2377	2235	4	4	4	4	0
G2500170MC0079	1960	Massachusetts	25	Middlesex	17	 MC	79		TRACT MC-79 WAKEFIELD TOWN	657	594	210	2226	2039	0	0	0	0	0
G2500170MC0080	1960	Massachusetts	25	Middlesex	17	 MC	80		TRACT MC-80 WAKEFIELD TOWN	550	475	155	1575	1462	0	0	0	0	0
G2500170MC0081	1960	Massachusetts	25	Middlesex	17	 MC	81		TRACT MC-81 READING TOWN	2357	2097	727	7343	6987	17	17	17	17	13
G2500170MC0082	1960	Massachusetts	25	Middlesex	17	 MC	82		TRACT MC-82 NORTH READING TOWN	1280	1126	274	3666	3430	4	4	4	4	4
G2500170MC0083	1960	Massachusetts	25	Middlesex	17	 MC	83		TRACT MC-83 WILMINGTON TOWN	1736	1600	320	5452	5083	4	4	0	0	0
G2500170MC0084	1960	Massachusetts	25	Middlesex	17	 MC	84		TRACT MC-84 WOBURN CITY	811	713	154	2359	2285	4	4	0	0	4
G2500170MC0085	1960	Massachusetts	25	Middlesex	17	 MC	85		TRACT MC-85 WOBURN CITY	923	792	372	2633	2437	20	15	5	10	10
G2500170MC0086	1960	Massachusetts	25	Middlesex	17	 MC	86		TRACT MC-86 WOBURN CITY	673	615	159	2214	2018	9	9	0	5	0
G2500170MC0087	1960	Massachusetts	25	Middlesex	17	 MC	87		TRACT MC-87 WOBURN CITY	487	407	217	1576	1371	15	15	5	5	5
G2500170MC0088	1960	Massachusetts	25	Middlesex	17	 MC	88		TRACT MC-88 WOBURN CITY	1279	1137	224	3527	3337	0	0	0	0	0
G2500170MC0089	1960	Massachusetts	25	Middlesex	17	 MC	89		TRACT MC-89 WINCHESTER TOWN	1889	1681	872	6837	6450	13	11	5	9	5
G2500170MC0090	1960	Massachusetts	25	Middlesex	17	 MC	90		TRACT MC-90 ARLINGTON TOWN	900	797	179	2808	2690	5	5	0	5	0
G2500170MC0091	1960	Massachusetts	25	Middlesex	17	 MC	91		TRACT MC-91 ARLINGTON TOWN	818	648	257	2216	2065	0	0	0	0	0
G2500170MC0092	1960	Massachusetts	25	Middlesex	17	 MC	92		TRACT MC-92 ARLINGTON TOWN	539	431	416	1536	1419	4	4	4	4	4
G2500170MC0093	1960	Massachusetts	25	Middlesex	17	 MC	93		TRACT MC-93 ARLINGTON TOWN	461	381	97	1345	1245	0	0	0	0	0
G2500170MC0094	1960	Massachusetts	25	Middlesex	17	 MC	94		TRACT MC-94 ARLINGTON TOWN	682	527	689	2325	2144	8	8	0	8	4
G2500170MC0095	1960	Massachusetts	25	Middlesex	17	 MC	95		TRACT MC-95 ARLINGTON TOWN	801	676	390	2788	2626	0	0	0	0	0
G2500170MC0096	1960	Massachusetts	25	Middlesex	17	 MC	96		TRACT MC-96 ARLINGTON TOWN	818	692	162	2545	2429	4	4	4	4	0
G2500170MC0097	1960	Massachusetts	25	Middlesex	17	 MC	97		TRACT MC-97  BELMONT TOWN	349	307	136	1256	1167	0	0	0	0	0
G2500170MC0098	1960	Massachusetts	25	Middlesex	17	 MC	98		TRACT MC-98  BELMONT TOWN	381	365	190	1588	1507	0	0	0	0	0
G2500170MC0099	1960	Massachusetts	25	Middlesex	17	 MC	99		TRACT MC-99  BELMONT TOWN	454	344	338	1179	1112	0	0	0	0	0
G2500170MC0100	1960	Massachusetts	25	Middlesex	17	 MC	100		TRACT MC-100 BELMONT TOWN	335	264	164	906	806	0	0	0	0	0
G2500170MC0101	1960	Massachusetts	25	Middlesex	17	 MC	101		TRACT MC-101 BELMONT TOWN	180	149	127	564	525	0	0	0	0	0
G2500170MC0102	1960	Massachusetts	25	Middlesex	17	 MC	102		TRACT MC-102 BELMONT TOWN	224	162	156	608	557	0	0	0	0	0
G2500170MC0103	1960	Massachusetts	25	Middlesex	17	 MC	103		TRACT MC-103 BELMONT TOWN	246	227	242	1086	997	4	4	4	4	4
G2500170MC0104	1960	Massachusetts	25	Middlesex	17	 MC	104		TRACT MC-104 BELMONT TOWN	334	265	195	894	874	0	0	0	0	0
G2500170MC0105	1960	Massachusetts	25	Middlesex	17	 MC	105		TRACT MC-105 WATERTOWN TOWN	777	673	284	2025	1881	0	0	0	0	0
G2500170MC0106	1960	Massachusetts	25	Middlesex	17	 MC	106		TRACT MC-106 WATERTOWN TOWN	993	855	422	3013	2809	0	0	0	0	0
G2500170MC0107	1960	Massachusetts	25	Middlesex	17	 MC	107		TRACT MC-107 WATERTOWN TOWN	587	473	526	1727	1559	4	4	0	0	0
G2500170MC0108	1960	Massachusetts	25	Middlesex	17	 MC	108		TRACT MC-108 WATERTOWN TOWN	2187	1860	478	5597	5278	0	0	0	0	0
G2500170MC0109	1960	Massachusetts	25	Middlesex	17	 MC	109		TRACT MC-109 NEWTON CITY	646	530	795	1911	1780	0	0	0	0	0
G2500170MC0110	1960	Massachusetts	25	Middlesex	17	 MC	110		TRACT MC-110 NEWTON CITY	622	521	248	1997	1837	8	8	0	0	4
G2500170MC0111	1960	Massachusetts	25	Middlesex	17	 MC	111		TRACT MC-111 NEWTON CITY	693	603	630	2179	1976	16	16	8	12	12
G2500170MC0112	1960	Massachusetts	25	Middlesex	17	 MC	112		TRACT MC-112 NEWTON CITY	1217	1016	455	3944	3628	73	68	31	61	52
G2500170MC0113	1960	Massachusetts	25	Middlesex	17	 MC	113		TRACT MC-113 NEWTON CITY	832	744	937	2872	2597	4	4	0	0	0
G2500170MC0114	1960	Massachusetts	25	Middlesex	17	 MC	114		TRACT MC-114 NEWTON CITY	829	777	764	3377	3234	4	0	0	0	0
G2500170MC0115	1960	Massachusetts	25	Middlesex	17	 MC	115		TRACT MC-115 NEWTON CITY	884	779	540	2997	2761	10	10	5	10	5
G2500170MC0116	1960	Massachusetts	25	Middlesex	17	 MC	116		TRACT MC-116 NEWTON CITY	1001	867	828	3623	3484	16	16	7	10	13
G2500170MC0117	1960	Massachusetts	25	Middlesex	17	 MC	117		TRACT MC-117 NEWTON CITY	561	503	2058	2674	2463	0	0	0	0	0
G2500170MC0118	1960	Massachusetts	25	Middlesex	17	 MC	118		TRACT MC-118 NEWTON CITY	1428	1354	544	4287	4026	0	0	0	0	0
G2500170MC0119	1960	Massachusetts	25	Middlesex	17	 MC	119		TRACT MC-119 WALTHAM CITY	203	172	465	1619	547	6	6	0	6	0
G2500170MC0120	1960	Massachusetts	25	Middlesex	17	 MC	120		TRACT MC-120 WALTHAM CITY	2116	1857	649	5978	5628	8	8	4	4	4
G2500170MC0121	1960	Massachusetts	25	Middlesex	17	 MC	121		TRACT MC-121 WALTHAM CITY	1088	906	338	3259	3072	0	0	0	0	0
G2500170MC0122	1960	Massachusetts	25	Middlesex	17	 MC	122		TRACT MC-122 WALTHAM CITY	784	585	1294	2190	1915	4	4	4	4	4
G2500170MC0123	1960	Massachusetts	25	Middlesex	17	 MC	123		TRACT MC-123 WALTHAM CITY	258	180	559	630	578	0	0	0	0	0
G2500170MC0124	1960	Massachusetts	25	Middlesex	17	 MC	124		TRACT MC-124 WALTHAM CITY	672	508	509	1831	1667	4	4	4	4	4
G2500170MC0125	1960	Massachusetts	25	Middlesex	17	 MC	125		TRACT MC-125 WALTHAM CITY	356	280	126	1199	1007	0	0	0	0	0
G2500170MC0126	1960	Massachusetts	25	Middlesex	17	 MC	126		TRACT MC-126 WALTHAM CITY	652	544	557	1778	1591	0	0	0	0	0
G2500170MC0127	1960	Massachusetts	25	Middlesex	17	 MC	127		TRACT MC-127 LEXINGTON TOWN	1812	1677	374	5654	5388	19	19	0	19	9
G2500170MC0128	1960	Massachusetts	25	Middlesex	17	 MC	128		TRACT MC-128 LEXINGTON TOWN	934	855	423	2966	2817	12	12	8	8	12
G2500170MC0129	1960	Massachusetts	25	Middlesex	17	 MC	129		TRACT MC-129 LEXINGTON TOWN	564	491	140	1800	1694	3	3	0	3	3
G2500170MC0130	1960	Massachusetts	25	Middlesex	17	 MC	130		TRACT MC-130 LEXINGTON TOWN	0	0	4	16	0	0	0	0	0	0
G2500170MC0131	1960	Massachusetts	25	Middlesex	17	 MC	131		TRACT MC-131 BURLINGTON TOWN	2225	1980	243	5865	5697	9	9	5	9	9
G2500170MC0132	1960	Massachusetts	25	Middlesex	17	 MC	132		TRACT MC-132 BEDFORD TOWN	1499	1296	889	3826	3646	24	24	20	24	24
G2500170MC0133	1960	Massachusetts	25	Middlesex	17	 MC	133		TRACT MC-133 LINCOLN TOWN	849	776	119	2497	2410	40	40	31	31	36
G2500170MC0134	1960	Massachusetts	25	Middlesex	17	 MC	134		TRACT MC-134 CONCORD TOWN	1455	1263	776	4622	4344	0	0	0	0	0
G2500170MC0137	1960	Massachusetts	25	Middlesex	17	 MC	137		TRACT MC-137 WESTON TOWN	776	716	1064	3025	2827	12	4	4	4	8
G2500170MC0138	1960	Massachusetts	25	Middlesex	17	 MC	138		TRACT MC-138 WAYLAND TOWN	1511	1351	297	4372	4237	4	4	0	0	4
G2500170MC0139	1960	Massachusetts	25	Middlesex	17	 MC	139		TRACT MC-139 SUDBURY TOWN	1206	1113	99	3345	3197	4	4	4	4	4
G2500170MC0140	1960	Massachusetts	25	Middlesex	17	 MC	140		TRACT MC-140 FRAMINGHAM TOWN	1805	1609	99	4447	4261	4	4	4	4	4
G2500170MC0141	1960	Massachusetts	25	Middlesex	17	 MC	141		TRACT MC-141 FRAMINGHAM TOWN	1241	1113	236	3295	3241	0	0	0	0	0
G2500170MC0142	1960	Massachusetts	25	Middlesex	17	 MC	142		TRACT MC-142 FRAMINGHAM TOWN	1357	1197	652	3847	3597	14	11	7	7	10
G2500170MC0143	1960	Massachusetts	25	Middlesex	17	 MC	143		TRACT MC-143 FRAMINGHAM TOWN	835	642	1103	2093	1927	11	11	0	4	4
G2500170MC0144	1960	Massachusetts	25	Middlesex	17	 MC	144		TRACT MC-144 FRAMINGHAM TOWN	969	802	447	2777	2519	11	11	0	0	5
G2500170MC0145	1960	Massachusetts	25	Middlesex	17	 MC	145		TRACT MC-145 NATICK TOWN	1570	1434	418	4592	4351	12	12	8	12	8
G2500170MC0146	1960	Massachusetts	25	Middlesex	17	 MC	146		TRACT MC-146 NATICK TOWN	1137	1031	304	3558	3433	16	16	16	16	12
G2500170MC0147	1960	Massachusetts	25	Middlesex	17	 MC	147		TRACT MC-147 NATICK TOWN	1027	913	411	3337	3115	5	5	5	5	5
G2500170MC0149	1960	Massachusetts	25	Middlesex	17	 MC	149		TRACT MC-149 ASHLAND TOWN	1244	1128	156	3391	3284	0	0	0	0	0
G25002100613	1960	Massachusetts	25	Norfolk	21		613		TRACT 613 PLAINVILLE TOWN	553	474	116	1519	1389	0	0	0	0	0
G25002100614	1960	Massachusetts	25	Norfolk	21		614		TRACT 614 WRENTHAM TOWN	4	4	65	785	9	4	4	4	4	4
G25002100615	1960	Massachusetts	25	Norfolk	21		615		TRACT 615 WRENTHAM TOWN	489	393	275	1668	1512	7	7	0	7	3
G25002100616	1960	Massachusetts	25	Norfolk	21		616		TRACT 616 FRANKLIN TOWN	781	707	650	2330	2192	0	0	0	0	0
G25002100617	1960	Massachusetts	25	Norfolk	21		617		TRACT 617 FRANKLIN TOWN	499	439	223	1564	1456	0	0	0	0	0
G25002100618	1960	Massachusetts	25	Norfolk	21		618		TRACT 618 BELLINGHAM TOWN	966	855	206	2809	2633	4	4	0	4	0
G2500210NC0001	1960	Massachusetts	25	Norfolk	21	 NC	1		TRACT NC-1  BROOKLINE TOWN	239	135	1503	547	427	7	7	0	0	7
G2500210NC0002	1960	Massachusetts	25	Norfolk	21	 NC	2		TRACT NC-2  BROOKLINE TOWN	308	212	832	812	748	12	12	0	8	8
G2500210NC0003	1960	Massachusetts	25	Norfolk	21	 NC	3		TRACT NC-3  BROOKLINE TOWN	299	221	601	948	860	17	17	12	12	8
G2500210NC0004	1960	Massachusetts	25	Norfolk	21	 NC	4		TRACT NC-4  BROOKLINE TOWN	309	248	813	963	887	12	12	4	4	4
G2500210NC0005	1960	Massachusetts	25	Norfolk	21	 NC	5		TRACT NC-5  BROOKLINE TOWN	281	214	800	868	770	7	7	0	7	0
G2500210NC0006	1960	Massachusetts	25	Norfolk	21	 NC	6		TRACT NC-6  BROOKLINE TOWN	301	221	821	924	854	0	0	0	0	0
G2500210NC0007	1960	Massachusetts	25	Norfolk	21	 NC	7		TRACT NC-7  BROOKLINE TOWN	278	209	464	881	781	8	8	8	8	8
G2500210NC0008	1960	Massachusetts	25	Norfolk	21	 NC	8		TRACT NC-8  BROOKLINE TOWN	302	211	1062	785	671	9	9	5	5	0
G2500210NC0009	1960	Massachusetts	25	Norfolk	21	 NC	9		TRACT NC-9  BROOKLINE TOWN	240	200	326	928	786	8	8	8	8	8
G2500210NC0010	1960	Massachusetts	25	Norfolk	21	 NC	10		TRACT NC-10 BROOKLINE TOWN	395	360	343	1440	1300	0	0	0	0	0
G2500210NC0011	1960	Massachusetts	25	Norfolk	21	 NC	11		TRACT NC-11 BROOKLINE TOWN	289	246	735	1112	1043	0	0	0	0	0
G2500210NC0012	1960	Massachusetts	25	Norfolk	21	 NC	12		TRACT NC-12 BROOKLINE TOWN	483	401	488	1629	1531	0	0	0	0	0
G2500210NC0013	1960	Massachusetts	25	Norfolk	21	 NC	13		TRACT NC-13 WELLESLEY TOWN	331	311	128	960	917	0	0	0	0	0
G2500210NC0014	1960	Massachusetts	25	Norfolk	21	 NC	14		TRACT NC-14 WELLESLEY TOWN	733	656	844	3039	2887	3	3	3	3	3
G2500210NC0015	1960	Massachusetts	25	Norfolk	21	 NC	15		TRACT NC-15 WELLESLEY TOWN	981	918	289	3313	3147	15	15	3	7	7
G2500210NC0016	1960	Massachusetts	25	Norfolk	21	 NC	16		TRACT NC-16 WELLESLEY TOWN	288	263	2551	1224	1121	0	0	0	0	0
G2500210NC0017	1960	Massachusetts	25	Norfolk	21	 NC	17		TRACT NC-17 NEEDHAM TOWN	687	638	193	1816	1749	4	4	0	0	0
G2500210NC0018	1960	Massachusetts	25	Norfolk	21	 NC	18		TRACT NC-18 NEEDHAM TOWN	446	394	209	1532	1457	0	0	0	0	0
G2500210NC0019	1960	Massachusetts	25	Norfolk	21	 NC	19		TRACT NC-19 NEEDHAM TOWN	793	739	168	2722	2590	0	0	0	0	0
G2500210NC0020	1960	Massachusetts	25	Norfolk	21	 NC	20		TRACT NC-20 NEEDHAM TOWN	377	348	189	1366	1305	0	0	0	0	0
G2500210NC0021	1960	Massachusetts	25	Norfolk	21	 NC	21		TRACT NC-21 NEEDHAM TOWN	713	624	240	2266	2188	0	0	0	0	0
G2500210NC0022	1960	Massachusetts	25	Norfolk	21	 NC	22		TRACT NC-22 DEDHAM TOWN	1016	884	373	3245	2962	4	4	0	0	0
G2500210NC0023	1960	Massachusetts	25	Norfolk	21	 NC	23		TRACT NC-23 DEDHAM TOWN	293	277	325	1090	1010	0	0	0	0	0
G2500210NC0024	1960	Massachusetts	25	Norfolk	21	 NC	24		TRACT NC-24 DEDHAM TOWN	1317	1178	316	4373	4166	0	0	0	0	0
G2500210NC0025	1960	Massachusetts	25	Norfolk	21	 NC	25		TRACT NC-25 WESTWOOD TOWN	1272	1105	299	3911	3762	0	0	0	0	0
G2500210NC0026	1960	Massachusetts	25	Norfolk	21	 NC	26		TRACT NC-26 DOVER TOWN	309	268	178	975	949	0	0	0	0	0
G2500210NC0027	1960	Massachusetts	25	Norfolk	21	 NC	27		TRACT NC-27 MEDFIELD TOWN	710	647	301	1888	1797	0	0	0	0	0
G2500210NC0029	1960	Massachusetts	25	Norfolk	21	 NC	29		TRACT NC-29 WALPOLE TOWN	1770	1537	359	5431	5173	0	0	0	0	0
G2500210NC0030	1960	Massachusetts	25	Norfolk	21	 NC	30		TRACT NC-30 NORWOOD TOWN	1442	1290	361	4430	4217	3	3	3	3	3
G2500210NC0031	1960	Massachusetts	25	Norfolk	21	 NC	31		TRACT NC-31 NORWOOD TOWN	542	439	151	1524	1436	12	12	5	9	8
G2500210NC0032	1960	Massachusetts	25	Norfolk	21	 NC	32		TRACT NC-32 NORWOOD TOWN	1033	903	613	3373	3167	4	4	4	4	4
G2500210NC0033	1960	Massachusetts	25	Norfolk	21	 NC	33		TRACT NC-33 CANTON TOWN	1626	1423	412	5148	4640	4	4	0	4	0
G2500210NC0034	1960	Massachusetts	25	Norfolk	21	 NC	34		TRACT NC-34 MILTON TOWN	519	459	413	2610	2417	0	0	0	0	0
G2500210NC0035	1960	Massachusetts	25	Norfolk	21	 NC	35		TRACT NC-35 MILTON TOWN	267	234	332	1534	1386	0	0	0	0	0
G2500210NC0036	1960	Massachusetts	25	Norfolk	21	 NC	36		TRACT NC-36 MILTON TOWN	559	514	260	2194	2055	8	8	0	0	0
G2500210NC0037	1960	Massachusetts	25	Norfolk	21	 NC	37		TRACT NC-37 MILTON TOWN	443	403	687	1800	1678	4	0	0	0	4
G2500210NC0038	1960	Massachusetts	25	Norfolk	21	 NC	38		TRACT NC-38 QUINCY CITY	388	322	129	1206	1080	0	0	0	0	0
G2500210NC0039	1960	Massachusetts	25	Norfolk	21	 NC	39		TRACT NC-39 QUINCY CITY	226	210	17	499	481	5	5	5	5	5
G2500210NC0040	1960	Massachusetts	25	Norfolk	21	 NC	40		TRACT NC-40 QUINCY CITY	764	640	337	2387	2248	0	0	0	0	0
G2500210NC0041	1960	Massachusetts	25	Norfolk	21	 NC	41		TRACT NC-41 QUINCY CITY	1100	947	481	3284	3062	8	8	0	4	4
G2500210NC0042	1960	Massachusetts	25	Norfolk	21	 NC	42		TRACT NC-42 QUINCY CITY	957	748	1088	2954	2764	0	0	0	0	0
G2500210NC0043	1960	Massachusetts	25	Norfolk	21	 NC	43		TRACT NC-43 QUINCY CITY	535	424	351	1710	1593	4	4	0	0	0
G2500210NC0044	1960	Massachusetts	25	Norfolk	21	 NC	44		TRACT NC-44 QUINCY CITY	545	430	198	1745	1561	0	0	0	0	0
G2500210NC0045	1960	Massachusetts	25	Norfolk	21	 NC	45		TRACT NC-45 QUINCY CITY	724	568	617	1980	1799	9	9	4	4	9
G2500210NC0046	1960	Massachusetts	25	Norfolk	21	 NC	46		TRACT NC-46 QUINCY CITY	532	391	754	1660	1554	0	0	0	0	0
G2500210NC0047	1960	Massachusetts	25	Norfolk	21	 NC	47		TRACT NC-47 QUINCY CITY	1214	1106	277	4809	4346	0	0	0	0	0
G2500210NC0048	1960	Massachusetts	25	Norfolk	21	 NC	48		TRACT NC-48 QUINCY CITY	1025	851	634	2850	2591	4	4	0	4	0
G2500210NC0049	1960	Massachusetts	25	Norfolk	21	 NC	49		TRACT NC-49 QUINCY CITY	1226	1024	529	3472	3174	0	0	0	0	0
G2500210NC0050	1960	Massachusetts	25	Norfolk	21	 NC	50		TRACT NC-50 WEYMOUTH TOWN	2210	1990	363	6965	6511	0	0	0	0	0
G2500210NC0051	1960	Massachusetts	25	Norfolk	21	 NC	51		TRACT NC-51 WEYMOUTH TOWN	1089	958	213	3522	3187	5	5	5	5	5
G2500210NC0052	1960	Massachusetts	25	Norfolk	21	 NC	52		TRACT NC-52 WEYMOUTH TOWN	773	659	347	2685	2463	4	4	0	0	0
G2500210NC0053	1960	Massachusetts	25	Norfolk	21	 NC	53		TRACT NC-53 WEYMOUTH TOWN	849	754	175	2651	2521	0	0	0	0	0
G2500210NC0054	1960	Massachusetts	25	Norfolk	21	 NC	54		TRACT NC-54 WEYMOUTH TOWN	1245	1119	353	3868	3674	11	11	7	11	11
G2500210NC0055	1960	Massachusetts	25	Norfolk	21	 NC	55		TRACT NC-55 BRAINTREE TOWN	1011	899	300	3252	3001	10	10	3	3	3
G2500210NC0056	1960	Massachusetts	25	Norfolk	21	 NC	56		TRACT NC-56 BRAINTREE TOWN	1164	1049	432	4108	3864	0	0	0	0	0
G2500210NC0057	1960	Massachusetts	25	Norfolk	21	 NC	57		TRACT NC-57 BRAINTREE TOWN	1489	1340	316	4556	4251	4	4	4	4	0
G2500210NC0058	1960	Massachusetts	25	Norfolk	21	 NC	58		TRACT NC-58 HOLBROOK TOWN	1565	1350	277	4228	3959	40	40	20	30	25
G2500210NC0059	1960	Massachusetts	25	Norfolk	21	 NC	59		TRACT NC-59 RANDOLPH TOWN	1653	1485	230	5002	4628	29	29	7	18	7
G2500210NC0060	1960	Massachusetts	25	Norfolk	21	 NC	60		TRACT NC-60 RANDOLPH TOWN	1024	862	259	3069	2885	25	25	6	10	4
G2500210NC0061	1960	Massachusetts	25	Norfolk	21	 NC	61		TRACT NC-61 AVON TOWN	597	562	143	1788	1675	5	5	5	5	5
G2500210NC0062	1960	Massachusetts	25	Norfolk	21	 NC	62		TRACT NC-62 STOUGHTON TOWN	1109	962	347	3243	3065	5	5	5	5	5
G2500210NC0063	1960	Massachusetts	25	Norfolk	21	 NC	63		TRACT NC-63 STOUGHTON TOWN	1093	957	231	3458	3183	4	4	0	0	0
G2500210NC0064	1960	Massachusetts	25	Norfolk	21	 NC	64		TRACT NC-64 SHARON TOWN	1375	1290	543	4351	3982	15	11	3	11	3
G2500210NC0065	1960	Massachusetts	25	Norfolk	21	 NC	65		TRACT NC-65 COHASSET TOWN	702	608	356	2141	2015	9	9	0	0	9
G2500210NC0066	1960	Massachusetts	25	Norfolk	21	 NC	66		TRACT NC-66 NORFOLK TOWN	324	296	149	1102	1036	0	0	0	0	0
G2500230PC0001	1960	Massachusetts	25	Plymouth	23	 PC	1		TRACT PC-1 HULL TOWN	904	815	296	2919	2569	0	0	0	0	0
G2500230PC0002	1960	Massachusetts	25	Plymouth	23	 PC	2		TRACT PC-2 HINGHAM TOWN	1081	969	495	3912	3599	4	4	0	4	0
G2500230PC0003	1960	Massachusetts	25	Plymouth	23	 PC	3		TRACT PC-3 HINGHAM TOWN	716	661	185	2228	2106	12	12	4	8	4
G2500230PC0004	1960	Massachusetts	25	Plymouth	23	 PC	4		TRACT PC-4 BROCKTON CITY	971	850	325	2553	2382	3	3	3	3	3
G2500230PC0005	1960	Massachusetts	25	Plymouth	23	 PC	5		TRACT PC-5 BROCKTON CITY	824	644	786	2403	1994	17	17	6	6	17
G2500230PC0006	1960	Massachusetts	25	Plymouth	23	 PC	6		TRACT PC-6 BROCKTON CITY	702	636	218	2343	2197	8	8	8	8	8
G2500230PC0007	1960	Massachusetts	25	Plymouth	23	 PC	7		TRACT PC-7 BROCKTON CITY	771	650	384	2346	2196	4	4	0	0	0
G2500230PC0008	1960	Massachusetts	25	Plymouth	23	 PC	8		TRACT PC-8 BROCKTON CITY	581	437	616	1653	1467	0	0	0	0	0
G2500230PC0009	1960	Massachusetts	25	Plymouth	23	 PC	9		TRACT PC-9 BROCKTON CITY	527	420	1379	1706	1413	110	110	56	73	77
G2500230PC0010	1960	Massachusetts	25	Plymouth	23	 PC	10		TRACT PC-10 BROCKTON CITY	984	892	298	2996	2673	24	24	8	16	8
G2500230PC0011	1960	Massachusetts	25	Plymouth	23	 PC	11		TRACT PC-11 BROCKTON CITY	610	498	284	2100	1835	24	24	14	14	14
G2500230PC0012	1960	Massachusetts	25	Plymouth	23	 PC	12		TRACT PC-12 BROCKTON CITY	873	737	620	2597	2263	12	12	4	4	4
G2500230PC0013	1960	Massachusetts	25	Plymouth	23	 PC	13		TRACT PC-13 BROCKTON CITY	740	613	418	2132	1883	5	5	0	0	5
G2500230PC0014	1960	Massachusetts	25	Plymouth	23	 PC	14		TRACT PC-14 BROCKTON CITY	439	410	164	1457	1331	0	0	0	0	0
G2500230PC0015	1960	Massachusetts	25	Plymouth	23	 PC	15		TRACT PC-15 WEST BRIDGEWATER TOWN	593	499	213	1891	1774	0	0	0	0	0
G2500230PC0016	1960	Massachusetts	25	Plymouth	23	 PC	16		TRACT PC-16 BRIDGEWATER TOWN	945	825	760	2975	2699	13	13	0	0	13
G2500230PC0017	1960	Massachusetts	25	Plymouth	23	 PC	17		TRACT PC-17 BRIDGEWATER TOWN	4	4	15	92	4	0	0	0	0	0
G2500230PC0018	1960	Massachusetts	25	Plymouth	23	 PC	18		TRACT PC-18 EAST BRIDGEWATER TOWN	809	699	225	2409	2311	23	15	8	19	19
G2500230PC0019	1960	Massachusetts	25	Plymouth	23	 PC	19		TRACT PC-19 WHITMAN TOWN	1269	1090	617	3858	3596	6	6	3	6	3
G2500230PC0020	1960	Massachusetts	25	Plymouth	23	 PC	20		TRACT PC-20 ABINGTON TOWN	1413	1215	348	4223	3950	0	0	0	0	0
G2500230PC0021	1960	Massachusetts	25	Plymouth	23	 PC	21		TRACT PC-21 ROCKLAND TOWN	1675	1539	618	5275	4964	21	19	9	18	15
G2500230PC0022	1960	Massachusetts	25	Plymouth	23	 PC	22		TRACT PC-22 NORWELL TOWN	722	615	176	2191	2080	11	11	5	5	2
G2500230PC0023	1960	Massachusetts	25	Plymouth	23	 PC	23		TRACT PC-23 SCITUATE TOWN	1357	1227	475	4664	4429	4	4	0	0	0
G2500230PC0024	1960	Massachusetts	25	Plymouth	23	 PC	24		TRACT PC-24 MARSHFIELD TOWN	797	689	358	2620	2456	21	21	10	14	14
G2500230PC0025	1960	Massachusetts	25	Plymouth	23	 PC	25		TRACT PC-25 DUXBURY TOWN	503	448	357	1706	1623	43	43	14	18	14
G2500230PC0026	1960	Massachusetts	25	Plymouth	23	 PC	26		TRACT PC-26 PEMBROKE TOWN	644	553	199	1878	1681	11	11	4	8	7
G2500230PC0027	1960	Massachusetts	25	Plymouth	23	 PC	27		TRACT PC-27 HANOVER TOWN	749	704	227	2510	2181	8	8	0	0	0
G2500230PC0028	1960	Massachusetts	25	Plymouth	23	 PC	28		TRACT PC-28 HANSON TOWN	529	467	159	1696	1573	65	65	9	42	42
G2500250A0001	1960	Massachusetts	25	Suffolk	25	  A	1		TRACT A-1   BOSTON CITY	838	698	271	2414	2173	0	0	0	0	0
G2500250A0002	1960	Massachusetts	25	Suffolk	25	  A	2		TRACT A-2   BOSTON CITY	488	438	302	1277	1131	0	0	0	0	0
G2500250A0003	1960	Massachusetts	25	Suffolk	25	  A	3		TRACT A-3   BOSTON CITY	609	527	200	1736	1569	0	0	0	0	0
G2500250A0004	1960	Massachusetts	25	Suffolk	25	  A	4		TRACT A-4   BOSTON CITY	497	423	229	1423	1296	0	0	0	0	0
G2500250A0005	1960	Massachusetts	25	Suffolk	25	  A	5		TRACT A-5   BOSTON CITY	569	484	425	1602	1436	0	0	0	0	0
G2500250A0006	1960	Massachusetts	25	Suffolk	25	  A	6		TRACT A-6   BOSTON CITY	358	286	174	893	746	0	0	0	0	0
G2500250B0001	1960	Massachusetts	25	Suffolk	25	  B	1		TRACT B-1   BOSTON CITY	248	212	87	608	515	0	0	0	0	0
G2500250B0002	1960	Massachusetts	25	Suffolk	25	  B	2		TRACT B-2   BOSTON CITY	211	179	141	663	527	4	4	0	4	0
G2500250B0003	1960	Massachusetts	25	Suffolk	25	  B	3		TRACT B-3   BOSTON CITY	181	163	251	1009	644	0	0	0	0	0
G2500250B0004	1960	Massachusetts	25	Suffolk	25	  B	4		TRACT B-4   BOSTON CITY	248	200	144	656	584	0	0	0	0	0
G2500250B0005A	1960	Massachusetts	25	Suffolk	25	  B	5	A	TRACT B-5-A BOSTON CITY	281	244	132	680	614	0	0	0	0	0
G2500250B0005B	1960	Massachusetts	25	Suffolk	25	  B	5	B	TRACT B-5-B BOSTON CITY	498	430	178	1327	1184	0	0	0	0	0
G2500250B0006	1960	Massachusetts	25	Suffolk	25	  B	6		TRACT B-6   BOSTON CITY	4	4	258	96	21	0	0	0	0	0
G2500250C0001	1960	Massachusetts	25	Suffolk	25	  C	1		TRACT C-1   BOSTON CITY	135	125	950	686	511	2	2	0	0	2
G2500250C0002	1960	Massachusetts	25	Suffolk	25	  C	2		TRACT C-2   BOSTON CITY	228	181	177	1047	753	0	0	0	0	0
G2500250C0003	1960	Massachusetts	25	Suffolk	25	  C	3		TRACT C-3   BOSTON CITY	381	327	282	1546	1104	0	0	0	0	0
G2500250D0001	1960	Massachusetts	25	Suffolk	25	  D	1		TRACT D-1   BOSTON CITY	70	63	66	359	310	0	0	0	0	0
G2500250D0002	1960	Massachusetts	25	Suffolk	25	  D	2		TRACT D-2   BOSTON CITY	71	62	88	260	219	0	0	0	0	0
G2500250D0003	1960	Massachusetts	25	Suffolk	25	  D	3		TRACT D-3   BOSTON CITY	188	177	148	748	699	0	0	0	0	0
G2500250D0004	1960	Massachusetts	25	Suffolk	25	  D	4		TRACT D-4   BOSTON CITY	226	205	165	912	713	0	0	0	0	0
G2500250E0001	1960	Massachusetts	25	Suffolk	25	  E	1		TRACT E-1   BOSTON CITY	255	175	301	951	785	13	13	0	0	0
G2500250E0002	1960	Massachusetts	25	Suffolk	25	  E	2		TRACT E-2   BOSTON CITY	186	169	426	780	677	0	0	0	0	0
G2500250F0001	1960	Massachusetts	25	Suffolk	25	  F	1		TRACT F-1   BOSTON CITY	205	187	2420	862	754	0	0	0	0	0
G2500250F0002	1960	Massachusetts	25	Suffolk	25	  F	2		TRACT F-2   BOSTON CITY	271	244	221	967	867	0	0	0	0	0
G2500250F0003	1960	Massachusetts	25	Suffolk	25	  F	3		TRACT F-3   BOSTON CITY	23	11	74	43	43	0	0	0	0	0
G2500250F0004	1960	Massachusetts	25	Suffolk	25	  F	4		TRACT F-4   BOSTON CITY	351	295	357	909	781	0	0	0	0	0
G2500250F0005	1960	Massachusetts	25	Suffolk	25	  F	5		TRACT F-5   BOSTON CITY	197	189	120	579	514	0	0	0	0	0
G2500250F0006	1960	Massachusetts	25	Suffolk	25	  F	6		TRACT F-6   BOSTON CITY	37	11	1033	64	22	0	0	0	0	0
G2500250G0001	1960	Massachusetts	25	Suffolk	25	  G	1		TRACT G-1   BOSTON CITY	50	45	353	119	77	75	75	34	56	50
G2500250G0002	1960	Massachusetts	25	Suffolk	25	  G	2		TRACT G-2   BOSTON CITY	154	132	1247	481	426	176	160	103	129	105
G2500250G0003	1960	Massachusetts	25	Suffolk	25	  G	3		TRACT G-3   BOSTON CITY	27	13	136	35	26	13	13	0	13	13
G2500250G0004	1960	Massachusetts	25	Suffolk	25	  G	4		TRACT G-4   BOSTON CITY	11	11	175	104	45	19	19	5	11	7
G2500250H0001	1960	Massachusetts	25	Suffolk	25	  H	1		TRACT H-1   BOSTON CITY	33	29	117	100	90	0	0	0	0	0
G2500250H0002	1960	Massachusetts	25	Suffolk	25	  H	2		TRACT H-2   BOSTON CITY	0	0	8	0	0	0	0	0	0	0
G2500250H0003	1960	Massachusetts	25	Suffolk	25	  H	3		TRACT H-3   BOSTON CITY	11	7	346	49	35	0	0	0	0	0
G2500250H0004	1960	Massachusetts	25	Suffolk	25	  H	4		TRACT H-4   BOSTON CITY	194	132	1569	439	388	5	5	5	5	5
G2500250I0001	1960	Massachusetts	25	Suffolk	25	  I	1		TRACT I-1   BOSTON CITY	108	85	532	570	409	51	48	31	37	25
G2500250I0002	1960	Massachusetts	25	Suffolk	25	  I	2		TRACT I-2   BOSTON CITY	29	26	89	89	72	10	10	10	10	10
G2500250I0003	1960	Massachusetts	25	Suffolk	25	  I	3		TRACT I-3   BOSTON CITY	317	172	2150	938	692	109	109	56	67	71
G2500250I0004	1960	Massachusetts	25	Suffolk	25	  I	4		TRACT I-4   BOSTON CITY	191	187	489	1186	741	155	151	94	121	111
G2500250J0001	1960	Massachusetts	25	Suffolk	25	  J	1		TRACT J-1   BOSTON CITY	152	40	2244	363	293	26	26	7	16	11
G2500250J0002	1960	Massachusetts	25	Suffolk	25	  J	2		TRACT J-2   BOSTON CITY	151	37	934	391	163	207	193	18	41	113
G2500250J0003	1960	Massachusetts	25	Suffolk	25	  J	3		TRACT J-3   BOSTON CITY	58	34	1480	136	76	0	0	0	0	0
G2500250J0004	1960	Massachusetts	25	Suffolk	25	  J	4		TRACT J-4   BOSTON CITY	167	114	1349	399	243	132	124	40	56	50
G2500250J0005	1960	Massachusetts	25	Suffolk	25	  J	5		TRACT J-5   BOSTON CITY	440	204	4200	509	326	114	105	43	48	88
G2500250K0001	1960	Massachusetts	25	Suffolk	25	  K	1		TRACT K-1   BOSTON CITY	339	184	1943	373	328	0	0	0	0	0
G2500250K0002	1960	Massachusetts	25	Suffolk	25	  K	2		TRACT K-2   BOSTON CITY	263	96	3030	369	244	4	4	4	4	4
G2500250K0003	1960	Massachusetts	25	Suffolk	25	  K	3		TRACT K-3   BOSTON CITY	295	58	4580	258	162	13	13	0	0	9
G2500250K0004A	1960	Massachusetts	25	Suffolk	25	  K	4	A	TRACT K-4-A BOSTON CITY	172	58	5213	319	104	15	15	0	0	15
G2500250K0004B	1960	Massachusetts	25	Suffolk	25	  K	4	B	TRACT K-4-B BOSTON CITY	764	258	4407	614	479	25	25	10	10	25
G2500250K0005	1960	Massachusetts	25	Suffolk	25	  K	5		TRACT K-5   BOSTON CITY	281	91	4037	287	191	8	8	0	0	8
G2500250L0001	1960	Massachusetts	25	Suffolk	25	  L	1		TRACT L-1   BOSTON CITY	193	116	1680	422	292	150	140	57	75	107
G2500250L0002	1960	Massachusetts	25	Suffolk	25	  L	2		TRACT L-2   BOSTON CITY	349	165	1280	687	381	588	578	148	212	341
G2500250L0003	1960	Massachusetts	25	Suffolk	25	  L	3		TRACT L-3   BOSTON CITY	237	150	1226	505	289	357	357	90	141	223
G2500250L0004	1960	Massachusetts	25	Suffolk	25	  L	4		TRACT L-4   BOSTON CITY	82	57	794	394	235	43	43	10	33	21
G2500250L0005	1960	Massachusetts	25	Suffolk	25	  L	5		TRACT L-5   BOSTON CITY	76	48	563	226	160	15	15	4	11	8
G2500250L0006	1960	Massachusetts	25	Suffolk	25	  L	6		TRACT L-6   BOSTON CITY	122	55	1254	214	151	30	30	7	7	14
G2500250M0001	1960	Massachusetts	25	Suffolk	25	  M	1		TRACT M-1   BOSTON CITY	123	99	3608	427	307	0	0	0	0	0
G2500250M0002	1960	Massachusetts	25	Suffolk	25	  M	2		TRACT M-2   BOSTON CITY	162	134	214	664	524	0	0	0	0	0
G2500250M0003	1960	Massachusetts	25	Suffolk	25	  M	3		TRACT M-3   BOSTON CITY	467	462	205	2093	1755	10	10	4	8	8
G2500250M0004	1960	Massachusetts	25	Suffolk	25	  M	4		TRACT M-4   BOSTON CITY	60	52	123	277	249	0	0	0	0	0
G2500250N0001	1960	Massachusetts	25	Suffolk	25	  N	1		TRACT N-1   BOSTON CITY	530	448	1524	1737	1371	0	0	0	0	0
G2500250N0002	1960	Massachusetts	25	Suffolk	25	  N	2		TRACT N-2   BOSTON CITY	398	336	231	1301	1193	0	0	0	0	0
G2500250N0003	1960	Massachusetts	25	Suffolk	25	  N	3		TRACT N-3   BOSTON CITY	331	228	243	883	800	0	0	0	0	0
G2500250N0004	1960	Massachusetts	25	Suffolk	25	  N	4		TRACT N-4   BOSTON CITY	456	362	316	1483	1286	0	0	0	0	0
G2500250O0001	1960	Massachusetts	25	Suffolk	25	  O	1		TRACT O-1   BOSTON CITY	582	506	598	1888	1705	0	0	0	0	0
G2500250O0002	1960	Massachusetts	25	Suffolk	25	  O	2		TRACT O-2   BOSTON CITY	427	394	369	1773	1407	0	0	0	0	0
G2500250O0003	1960	Massachusetts	25	Suffolk	25	  O	3		TRACT O-3   BOSTON CITY	322	259	306	1140	982	0	0	0	0	0
G2500250O0004	1960	Massachusetts	25	Suffolk	25	  O	4		TRACT O-4   BOSTON CITY	90	70	93	333	295	0	0	0	0	0
G2500250P0001A	1960	Massachusetts	25	Suffolk	25	  P	1	A	TRACT P-1-A BOSTON CITY	109	99	131	420	386	0	0	0	0	0
G2500250P0001B	1960	Massachusetts	25	Suffolk	25	  P	1	B	TRACT P-1-B BOSTON CITY	233	230	273	1047	764	0	0	0	0	0
G2500250P0001C	1960	Massachusetts	25	Suffolk	25	  P	1	C	TRACT P-1-C BOSTON CITY	177	139	86	502	445	0	0	0	0	0
G2500250P0002	1960	Massachusetts	25	Suffolk	25	  P	2		TRACT P-2   BOSTON CITY	483	410	296	1401	1284	0	0	0	0	0
G2500250P0003	1960	Massachusetts	25	Suffolk	25	  P	3		TRACT P-3   BOSTON CITY	300	228	195	1111	939	60	47	29	29	60
G2500250P0004	1960	Massachusetts	25	Suffolk	25	  P	4		TRACT P-4   BOSTON CITY	295	250	290	1077	798	94	86	35	51	62
G2500250P0005	1960	Massachusetts	25	Suffolk	25	  P	5		TRACT P-5   BOSTON CITY	418	349	138	1726	1280	318	310	176	236	254
G2500250P0006	1960	Massachusetts	25	Suffolk	25	  P	6		TRACT P-6   BOSTON CITY	314	250	630	990	806	9	9	0	0	0
G2500250Q0001	1960	Massachusetts	25	Suffolk	25	  Q	1		TRACT Q-1   BOSTON CITY	104	87	87	276	253	9	9	0	0	4
G2500250Q0002	1960	Massachusetts	25	Suffolk	25	  Q	2		TRACT Q-2   BOSTON CITY	216	195	267	1115	727	88	88	34	43	36
G2500250Q0003	1960	Massachusetts	25	Suffolk	25	  Q	3		TRACT Q-3   BOSTON CITY	319	250	356	1845	1250	240	221	104	134	138
G2500250Q0004	1960	Massachusetts	25	Suffolk	25	  Q	4		TRACT Q-4   BOSTON CITY	193	171	326	774	568	70	63	36	43	43
G2500250Q0005	1960	Massachusetts	25	Suffolk	25	  Q	5		TRACT Q-5   BOSTON CITY	372	319	208	1430	1089	76	76	27	47	53
G2500250R0001	1960	Massachusetts	25	Suffolk	25	  R	1		TRACT R-1   BOSTON CITY	255	205	791	1308	727	505	505	169	263	251
G2500250R0002	1960	Massachusetts	25	Suffolk	25	  R	2		TRACT R-2   BOSTON CITY	135	100	428	579	335	164	149	48	78	92
G2500250R0003	1960	Massachusetts	25	Suffolk	25	  R	3		TRACT R-3   BOSTON CITY	182	126	359	1073	506	278	265	95	132	162
G2500250S0001	1960	Massachusetts	25	Suffolk	25	  S	1		TRACT S-1   BOSTON CITY	368	250	2912	1634	604	248	248	148	216	239
G2500250S0002	1960	Massachusetts	25	Suffolk	25	  S	2		TRACT S-2   BOSTON CITY	215	194	442	1395	877	5	5	0	0	0
G2500250S0003	1960	Massachusetts	25	Suffolk	25	  S	3		TRACT S-3   BOSTON CITY	335	262	378	1253	975	218	213	73	112	144
G2500250S0004	1960	Massachusetts	25	Suffolk	25	  S	4		TRACT S-4   BOSTON CITY	277	228	675	998	774	63	56	34	45	56
G2500250S0005	1960	Massachusetts	25	Suffolk	25	  S	5		TRACT S-5   BOSTON CITY	472	284	1177	1249	936	46	46	17	21	29
G2500250S0006	1960	Massachusetts	25	Suffolk	25	  S	6		TRACT S-6   BOSTON CITY	250	209	420	1099	962	0	0	0	0	0
G2500250SC0001	1960	Massachusetts	25	Suffolk	25	 SC	1		TRACT SC-1 CHELSEA CITY	877	736	636	2684	2357	0	0	0	0	0
G2500250SC0002	1960	Massachusetts	25	Suffolk	25	 SC	2		TRACT SC-2 CHELSEA CITY	833	734	235	2622	2316	0	0	0	0	0
G2500250SC0003	1960	Massachusetts	25	Suffolk	25	 SC	3		TRACT SC-3 CHELSEA CITY	0	0	157	0	0	0	0	0	0	0
G2500250SC0004	1960	Massachusetts	25	Suffolk	25	 SC	4		TRACT SC-4 CHELSEA CITY	539	451	632	1788	1471	51	45	23	33	32
G2500250SC0005	1960	Massachusetts	25	Suffolk	25	 SC	5		TRACT SC-5 CHELSEA CITY	16	16	374	82	78	0	0	0	0	0
G2500250SC0006	1960	Massachusetts	25	Suffolk	25	 SC	6		TRACT SC-6 CHELSEA CITY	381	325	451	1161	988	4	4	4	4	4
G2500250SC0007	1960	Massachusetts	25	Suffolk	25	 SC	7		TRACT SC-7 CHELSEA CITY	649	557	231	2083	1906	0	0	0	0	0
G2500250SC0008	1960	Massachusetts	25	Suffolk	25	 SC	8		TRACT SC-8  REVERE CITY	490	410	334	1354	1151	0	0	0	0	0
G2500250SC0009	1960	Massachusetts	25	Suffolk	25	 SC	9		TRACT SC-9  REVERE CITY	1078	888	288	2852	2507	4	4	0	0	0
G2500250SC0010	1960	Massachusetts	25	Suffolk	25	 SC	10		TRACT SC-10 REVERE CITY	1325	1186	267	3652	3483	4	4	4	4	0
G2500250SC0011	1960	Massachusetts	25	Suffolk	25	 SC	11		TRACT SC-11 REVERE CITY	534	453	224	1628	1472	0	0	0	0	0
G2500250SC0012	1960	Massachusetts	25	Suffolk	25	 SC	12		TRACT SC-12 REVERE CITY	758	640	644	1965	1662	0	0	0	0	0
G2500250SC0013	1960	Massachusetts	25	Suffolk	25	 SC	13		TRACT SC-13 REVERE CITY	532	464	229	1622	1466	0	0	0	0	0
G2500250SC0014	1960	Massachusetts	25	Suffolk	25	 SC	14		TRACT SC-14 WINTHROP TOWN	457	366	446	1268	1138	0	0	0	0	0
G2500250SC0015	1960	Massachusetts	25	Suffolk	25	 SC	15		TRACT SC-15 WINTHROP TOWN	577	493	280	1858	1666	4	4	0	0	0
G2500250SC0016	1960	Massachusetts	25	Suffolk	25	 SC	16		TRACT SC-16 WINTHROP TOWN	381	353	187	1336	1254	0	0	0	0	0
G2500250SC0017	1960	Massachusetts	25	Suffolk	25	 SC	17		TRACT SC-17 WINTHROP TOWN	216	169	195	644	600	4	4	4	4	4
G2500250SC0018	1960	Massachusetts	25	Suffolk	25	 SC	18		TRACT SC-18 WINTHROP TOWN	564	468	328	1623	1478	4	4	0	4	0
G2500250T0001	1960	Massachusetts	25	Suffolk	25	  T	1		TRACT T-1   BOSTON CITY	843	707	531	4798	3080	66	66	58	62	66
G2500250T0002	1960	Massachusetts	25	Suffolk	25	  T	2		TRACT T-2   BOSTON CITY	616	506	283	2127	1845	0	0	0	0	0
G2500250T0003A	1960	Massachusetts	25	Suffolk	25	  T	3	A	TRACT T-3-A BOSTON CITY	351	256	446	945	853	0	0	0	0	0
G2500250T0003B	1960	Massachusetts	25	Suffolk	25	  T	3	B	TRACT T-3-B BOSTON CITY	482	388	359	1560	1358	4	4	0	4	0
G2500250T0004A	1960	Massachusetts	25	Suffolk	25	  T	4	A	TRACT T-4-A BOSTON CITY	411	318	189	1304	1201	0	0	0	0	0
G2500250T0004B	1960	Massachusetts	25	Suffolk	25	  T	4	B	TRACT T-4-B BOSTON CITY	393	340	136	1425	1338	0	0	0	0	0
G2500250T0005A	1960	Massachusetts	25	Suffolk	25	  T	5	A	TRACT T-5-A BOSTON CITY	492	397	160	1909	1675	8	4	4	4	4
G2500250T0005B	1960	Massachusetts	25	Suffolk	25	  T	5	B	TRACT T-5-B BOSTON CITY	441	378	244	1674	1449	12	12	0	4	4
G2500250T0006	1960	Massachusetts	25	Suffolk	25	  T	6		TRACT T-6   BOSTON CITY	559	426	377	2061	1251	668	660	338	476	528
G2500250T0007A	1960	Massachusetts	25	Suffolk	25	  T	7	A	TRACT T-7-A BOSTON CITY	279	230	201	813	611	147	147	99	117	121
G2500250T0007B	1960	Massachusetts	25	Suffolk	25	  T	7	B	TRACT T-7-B BOSTON CITY	613	473	429	2047	1665	283	283	125	180	196
G2500250T0008A	1960	Massachusetts	25	Suffolk	25	  T	8	A	TRACT T-8-A BOSTON CITY	780	595	474	2478	1936	97	89	30	38	58
G2500250T0008B	1960	Massachusetts	25	Suffolk	25	  T	8	B	TRACT T-8-B BOSTON CITY	436	355	239	1249	1126	17	17	9	17	17
G2500250T0009	1960	Massachusetts	25	Suffolk	25	  T	9		TRACT T-9   BOSTON CITY	603	500	258	2115	1850	13	13	0	5	5
G2500250T0010	1960	Massachusetts	25	Suffolk	25	  T	10		TRACT T-10  BOSTON CITY	308	263	289	1292	1182	0	0	0	0	0
G2500250U0001	1960	Massachusetts	25	Suffolk	25	  U	1		TRACT U-1   BOSTON CITY	479	356	579	1843	1342	500	487	179	311	362
G2500250U0002	1960	Massachusetts	25	Suffolk	25	  U	2		TRACT U-2   BOSTON CITY	388	310	446	1583	1043	538	512	201	301	320
G2500250U0003	1960	Massachusetts	25	Suffolk	25	  U	3		TRACT U-3   BOSTON CITY	259	216	445	1278	780	263	257	126	163	180
G2500250U0004	1960	Massachusetts	25	Suffolk	25	  U	4		TRACT U-4   BOSTON CITY	456	385	365	1828	1363	478	456	212	321	330
G2500250U0005	1960	Massachusetts	25	Suffolk	25	  U	5		TRACT U-5   BOSTON CITY	730	517	552	2494	1550	1192	1152	401	617	674
G2500250U0006A	1960	Massachusetts	25	Suffolk	25	  U	6	A	TRACT U-6-A BOSTON CITY	528	298	545	1604	1086	745	686	223	332	474
G2500250U0006B	1960	Massachusetts	25	Suffolk	25	  U	6	B	TRACT U-6-B BOSTON CITY	701	497	546	1544	1164	637	613	234	391	494
G2500250V0001	1960	Massachusetts	25	Suffolk	25	  V	1		TRACT V-1   BOSTON CITY	347	290	475	1016	724	127	117	42	72	82
G2500250V0002	1960	Massachusetts	25	Suffolk	25	  V	2		TRACT V-2   BOSTON CITY	541	503	270	2871	2122	112	112	98	103	78
G2500250V0003	1960	Massachusetts	25	Suffolk	25	  V	3		TRACT V-3   BOSTON CITY	339	275	130	1093	839	0	0	0	0	0
G2500250V0004A	1960	Massachusetts	25	Suffolk	25	  V	4	A	TRACT V-4-A BOSTON CITY	178	151	288	550	465	4	4	0	0	0
G2500250V0004B	1960	Massachusetts	25	Suffolk	25	  V	4	B	TRACT V-4-B BOSTON CITY	380	302	189	1033	931	7	7	0	7	4
G2500250V0005	1960	Massachusetts	25	Suffolk	25	  V	5		TRACT V-5   BOSTON CITY	619	505	635	2104	1801	11	11	0	0	0
G2500250V0006	1960	Massachusetts	25	Suffolk	25	  V	6		TRACT V-6   BOSTON CITY	609	515	368	2034	1778	15	9	12	12	12
G2500250W0001A	1960	Massachusetts	25	Suffolk	25	  W	1	A	TRACT W-1-A BOSTON CITY	606	510	927	2364	1884	0	0	0	0	0
G2500250W0001B	1960	Massachusetts	25	Suffolk	25	  W	1	B	TRACT W-1-B BOSTON CITY	782	664	478	2826	2665	0	0	0	0	0
G2500250W0002	1960	Massachusetts	25	Suffolk	25	  W	2		TRACT W-2   BOSTON CITY	414	371	220	1441	1348	0	0	0	0	0
G2500250W0003A	1960	Massachusetts	25	Suffolk	25	  W	3	A	TRACT W-3-A BOSTON CITY	733	600	1066	2791	2427	16	16	8	12	12
G2500250W0003B	1960	Massachusetts	25	Suffolk	25	  W	3	B	TRACT W-3-B BOSTON CITY	149	102	89	416	360	0	0	0	0	0
G2500250W0004A	1960	Massachusetts	25	Suffolk	25	  W	4	A	TRACT W-4-A BOSTON CITY	242	201	116	743	689	0	0	0	0	0
G2500250W0004B	1960	Massachusetts	25	Suffolk	25	  W	4	B	TRACT W-4-B BOSTON CITY	803	649	286	2519	2352	4	4	0	4	0
G2500250W0005	1960	Massachusetts	25	Suffolk	25	  W	5		TRACT W-5   BOSTON CITY	849	712	407	2927	2747	4	4	4	4	4
G2500250W0006A	1960	Massachusetts	25	Suffolk	25	  W	6	A	TRACT W-6-A BOSTON CITY	500	418	201	1709	1623	0	0	0	0	0
G2500250W0006B	1960	Massachusetts	25	Suffolk	25	  W	6	B	TRACT W-6-B BOSTON CITY	398	345	250	1727	1641	0	0	0	0	0
G2500250W0006C	1960	Massachusetts	25	Suffolk	25	  W	6	C	TRACT W-6-C BOSTON CITY	404	338	317	1862	1757	0	0	0	0	0
G2500250W0006D	1960	Massachusetts	25	Suffolk	25	  W	6	D	TRACT W-6-D BOSTON CITY	771	644	373	2418	2278	8	8	4	4	4
G2500250X0001	1960	Massachusetts	25	Suffolk	25	  X	1		TRACT X-1   BOSTON CITY	762	614	542	2611	2388	4	4	4	4	4
G2500250X0002	1960	Massachusetts	25	Suffolk	25	  X	2		TRACT X-2   BOSTON CITY	865	711	376	3018	2794	4	4	0	4	4
G2500250X0003A	1960	Massachusetts	25	Suffolk	25	  X	3	A	TRACT X-3-A BOSTON CITY	442	384	189	1576	1498	0	0	0	0	0
G2500250X0003B	1960	Massachusetts	25	Suffolk	25	  X	3	B	TRACT X-3-B BOSTON CITY	432	352	625	1767	1606	0	0	0	0	0
G2500250X0004A	1960	Massachusetts	25	Suffolk	25	  X	4	A	TRACT X-4-A BOSTON CITY	695	563	591	2157	1884	16	16	5	5	10
G2500250X0004B	1960	Massachusetts	25	Suffolk	25	  X	4	B	TRACT X-4-B BOSTON CITY	484	371	213	1496	1383	0	0	0	0	0
G2500250X0005A	1960	Massachusetts	25	Suffolk	25	  X	5	A	TRACT X-5-A BOSTON CITY	767	667	359	2761	2393	17	17	12	12	12
G2500250X0005B	1960	Massachusetts	25	Suffolk	25	  X	5	B	TRACT X-5-B BOSTON CITY	296	258	147	1009	889	4	4	0	0	0
G2500250X0005C	1960	Massachusetts	25	Suffolk	25	  X	5	C	TRACT X-5-C BOSTON CITY	487	407	261	1472	1352	19	19	0	10	0
G2500250X0006A	1960	Massachusetts	25	Suffolk	25	  X	6	A	TRACT X-6-A BOSTON CITY	801	690	290	2382	2199	0	0	0	0	0
G2500250X0006B	1960	Massachusetts	25	Suffolk	25	  X	6	B	TRACT X-6-B BOSTON CITY	1042	905	324	3333	3154	4	4	4	4	0
G2500250X0006C	1960	Massachusetts	25	Suffolk	25	  X	6	C	TRACT X-6-C BOSTON CITY	388	317	155	1492	1422	0	0	0	0	0
G2500250Y0001	1960	Massachusetts	25	Suffolk	25	  Y	1		TRACT Y-1   BOSTON CITY	510	415	220	1596	1417	0	0	0	0	0
G2500250Y0002	1960	Massachusetts	25	Suffolk	25	  Y	2		TRACT Y-2   BOSTON CITY	666	504	1676	1944	1634	43	43	8	8	21
G2500250Y0003A	1960	Massachusetts	25	Suffolk	25	  Y	3	A	TRACT Y-3-A BOSTON CITY	831	431	2570	1187	989	20	20	8	13	7
G2500250Y0003B	1960	Massachusetts	25	Suffolk	25	  Y	3	B	TRACT Y-3-B BOSTON CITY	982	827	1339	3198	2791	25	25	9	25	25
G2500250Y0004	1960	Massachusetts	25	Suffolk	25	  Y	4		TRACT Y-4   BOSTON CITY	1032	840	373	3254	2890	13	13	8	8	13
G2500250Y0005A	1960	Massachusetts	25	Suffolk	25	  Y	5	A	TRACT Y-5-A BOSTON CITY	556	490	289	1724	1603	3	3	3	3	3
G2500250Y0005B	1960	Massachusetts	25	Suffolk	25	  Y	5	B	TRACT Y-5-B BOSTON CITY	755	516	1296	1669	1537	0	0	0	0	0
G2500250Y0005C	1960	Massachusetts	25	Suffolk	25	  Y	5	C	TRACT Y-5-C BOSTON CITY	846	402	1880	1057	856	16	16	6	9	9
G2500250Z0001A	1960	Massachusetts	25	Suffolk	25	  Z	1	A	TRACT Z-1-A BOSTON CITY	602	546	207	2071	1921	0	0	0	0	0
G2500250Z0001B	1960	Massachusetts	25	Suffolk	25	  Z	1	B	TRACT Z-1-B BOSTON CITY	602	471	346	1939	1766	8	8	4	8	8
G2500250Z0001C	1960	Massachusetts	25	Suffolk	25	  Z	1	C	TRACT Z-1-C BOSTON CITY	1126	1031	273	3720	3414	8	8	0	4	0
G2500250Z0002	1960	Massachusetts	25	Suffolk	25	  Z	2		TRACT Z-2   BOSTON CITY	1356	1177	374	4350	3817	8	8	4	4	4
G25002700001	1960	Massachusetts	25	Worcester	27		1		TRACT 1  WORCESTER CITY	506	456	173	1439	1345	0	0	0	0	0
G25002700002	1960	Massachusetts	25	Worcester	27		2		TRACT 2  WORCESTER CITY	503	427	97	1672	1584	9	9	4	4	4
G25002700003	1960	Massachusetts	25	Worcester	27		3		TRACT 3  WORCESTER CITY	520	439	324	1539	1435	0	0	0	0	0
G25002700004	1960	Massachusetts	25	Worcester	27		4		TRACT 4  WORCESTER CITY	441	393	350	1462	1384	0	0	0	0	0
G25002700005	1960	Massachusetts	25	Worcester	27		5		TRACT 5  WORCESTER CITY	474	407	217	1384	1259	0	0	0	0	0
G25002700006	1960	Massachusetts	25	Worcester	27		6		TRACT 6  WORCESTER CITY	417	380	403	1451	1383	3	3	3	3	3
G25002700007	1960	Massachusetts	25	Worcester	27		7		TRACT 7  WORCESTER CITY	539	488	211	1741	1614	4	4	0	0	0
G25002700008	1960	Massachusetts	25	Worcester	27		8		TRACT 8  WORCESTER CITY	595	530	492	2152	2069	4	4	4	4	4
G25002700009	1960	Massachusetts	25	Worcester	27		9		TRACT 9  WORCESTER CITY	667	557	311	2271	2176	0	0	0	0	0
G25002700010	1960	Massachusetts	25	Worcester	27		10		TRACT 10 WORCESTER CITY	559	473	205	1694	1552	0	0	0	0	0
G25002700011	1960	Massachusetts	25	Worcester	27		11		TRACT 11 WORCESTER CITY	810	692	347	2678	2447	4	4	0	0	4
G25002700012	1960	Massachusetts	25	Worcester	27		12		TRACT 12 WORCESTER CITY	756	595	1162	2224	1961	7	7	4	4	7
G25002700013	1960	Massachusetts	25	Worcester	27		13		TRACT 13 WORCESTER CITY	515	445	752	1804	1571	6	6	6	6	6
G25002700014	1960	Massachusetts	25	Worcester	27		14		TRACT 14 WORCESTER CITY	568	426	1279	1737	1349	91	91	24	45	47
G25002700015	1960	Massachusetts	25	Worcester	27		15		TRACT 15 WORCESTER CITY	530	409	916	1731	1368	45	45	9	19	18
G25002700016	1960	Massachusetts	25	Worcester	27		16		TRACT 16 WORCESTER CITY	497	356	2360	1251	1015	10	10	5	5	0
G25002700017	1960	Massachusetts	25	Worcester	27		17		TRACT 17 WORCESTER CITY	76	41	2148	262	141	3	3	0	3	0
G25002700018	1960	Massachusetts	25	Worcester	27		18		TRACT 18 WORCESTER CITY	938	805	486	2732	2194	129	125	46	77	88
G25002700019	1960	Massachusetts	25	Worcester	27		19		TRACT 19 WORCESTER CITY	791	639	629	2301	2047	8	8	4	8	4
G25002700020	1960	Massachusetts	25	Worcester	27		20		TRACT 20 WORCESTER CITY	746	696	287	2859	2315	13	13	13	13	13
G25002700021	1960	Massachusetts	25	Worcester	27		21		TRACT 21 WORCESTER CITY	15	15	134	27	24	0	0	0	0	0
G25002700022	1960	Massachusetts	25	Worcester	27		22		TRACT 22 WORCESTER CITY	1112	933	386	3228	2909	3	3	0	0	3
G25002700023	1960	Massachusetts	25	Worcester	27		23		TRACT 23 WORCESTER CITY	864	737	214	2618	2498	0	0	0	0	0
G25002700024	1960	Massachusetts	25	Worcester	27		24		TRACT 24 WORCESTER CITY	879	754	472	3043	2560	0	0	0	0	0
G25002700025	1960	Massachusetts	25	Worcester	27		25		TRACT 25 WORCESTER CITY	263	226	512	996	823	8	8	0	8	4
G25002700026	1960	Massachusetts	25	Worcester	27		26		TRACT 26 WORCESTER CITY	550	449	493	1541	1405	0	0	0	0	0
G25002700027	1960	Massachusetts	25	Worcester	27		27		TRACT 27 WORCESTER CITY	449	374	529	1304	1164	0	0	0	0	0
G25002700028	1960	Massachusetts	25	Worcester	27		28		TRACT 28 WORCESTER CITY	586	513	130	1790	1620	0	0	0	0	0
G25002700029	1960	Massachusetts	25	Worcester	27		29		TRACT 29 WORCESTER CITY	569	452	1790	1513	1398	4	4	0	0	0
G25002700030	1960	Massachusetts	25	Worcester	27		30		TRACT 30 WORCESTER CITY	573	474	354	2039	1732	0	0	0	0	0
G25002700031	1960	Massachusetts	25	Worcester	27		31		TRACT 31 WORCESTER CITY	481	413	227	1780	1611	9	9	0	5	5
G25002700619	1960	Massachusetts	25	Worcester	27		619		TRACT 619 BLACKSTONE TOWN	635	512	229	1890	1765	0	0	0	0	0
G25002700620	1960	Massachusetts	25	Worcester	27		620		TRACT 620 MILLVILLE TOWN	157	153	55	580	520	0	0	0	0	0
G2500270AU0058	1960	Massachusetts	25	Worcester	27	 AU	58		TRACT AU-58 AUBURN TOWN	741	685	169	2089	1994	0	0	0	0	0
G2500270AU0059	1960	Massachusetts	25	Worcester	27	 AU	59		TRACT AU-59 AUBURN TOWN	781	692	211	2412	2269	0	0	0	0	0
G2500270AU0060	1960	Massachusetts	25	Worcester	27	 AU	60		TRACT AU-60 AUBURN TOWN	293	276	24	896	825	0	0	0	0	0
G2500270BE0065	1960	Massachusetts	25	Worcester	27	 BE	65		TRACT BE-65 BERLIN TOWN	221	207	90	709	701	0	0	0	0	0
G2500270BO0043	1960	Massachusetts	25	Worcester	27	 BO	43		TRACT BO-43 BOYLSTON TOWN	328	301	65	897	825	0	0	0	0	0
G2500270BR0066	1960	Massachusetts	25	Worcester	27	 BR	66		TRACT BR-66 BROOKFIELD TOWN	181	168	112	694	621	0	0	0	0	0
G2500270EB0036	1960	Massachusetts	25	Worcester	27	 EB	36		TRACT EB-36 EAST BROOKFIELD TOWN	183	174	75	567	518	0	0	0	0	0
G2500270GH0051	1960	Massachusetts	25	Worcester	27	 GH	51		TRACT GH-51 GRAFTON TOWN	4	4	73	7	3	0	0	0	0	0
G2500270GR0052	1960	Massachusetts	25	Worcester	27	 GR	52		TRACT GR-52 GRAFTON TOWN	246	224	134	856	796	0	0	0	0	0
G2500270GR0053	1960	Massachusetts	25	Worcester	27	 GR	53		TRACT GR-53 GRAFTON TOWN	340	304	100	880	802	0	0	0	0	0
G2500270GR0054	1960	Massachusetts	25	Worcester	27	 GR	54		TRACT GR-54 GRAFTON TOWN	618	529	114	1616	1525	4	4	0	0	0
G2500270HO0039	1960	Massachusetts	25	Worcester	27	 HO	39		TRACT HO-39 HOLDEN TOWN	530	446	59	1674	1591	0	0	0	0	0
G2500270HO0040	1960	Massachusetts	25	Worcester	27	 HO	40		TRACT HO-40 HOLDEN TOWN	380	345	93	1097	1067	0	0	0	0	0
G2500270HO0041	1960	Massachusetts	25	Worcester	27	 HO	41		TRACT HO-41 HOLDEN TOWN	319	281	50	982	911	4	4	4	4	0
G2500270LE0032	1960	Massachusetts	25	Worcester	27	 LE	32		TRACT LE-32 LEICESTER TOWN	449	418	154	1644	1554	4	4	0	4	4
G2500270LE0033	1960	Massachusetts	25	Worcester	27	 LE	33		TRACT LE-33 LEICESTER TOWN	551	491	209	1608	1513	0	0	0	0	0
G2500270MI0055	1960	Massachusetts	25	Worcester	27	 MI	55		TRACT MI-55 MILLBURY TOWN	611	541	158	1708	1546	0	0	0	0	0
G2500270MI0056	1960	Massachusetts	25	Worcester	27	 MI	56		TRACT MI-56 MILLBURY TOWN	238	194	151	613	572	0	0	0	0	0
G2500270MI0057	1960	Massachusetts	25	Worcester	27	 MI	57		TRACT MI-57 MILLBURY TOWN	309	265	84	1035	920	0	0	0	0	0
G2500270NB0037	1960	Massachusetts	25	Worcester	27	 NB	37		TRACT NB-37 NORTH BROOKFIELD TOWN	420	340	169	1304	1210	0	0	0	0	0
G2500270NO0047	1960	Massachusetts	25	Worcester	27	 NO	47		TRACT NO-47 NORTHBOROUGH TOWN	966	861	235	2841	2657	11	11	7	11	7
G2500270NR0063	1960	Massachusetts	25	Worcester	27	 NR	63		TRACT NR-63 NORTHBRIDGE TOWN	1237	1028	538	3681	3319	0	0	0	0	0
G2500270OX0061	1960	Massachusetts	25	Worcester	27	 OX	61		TRACT OX-61 OXFORD TOWN	1294	1155	300	3974	3759	8	8	4	4	4
G2500270SH0044	1960	Massachusetts	25	Worcester	27	 SH	44		TRACT SH-44 SHREWSBURY TOWN	656	568	175	1821	1710	8	8	0	3	8
G2500270SH0045	1960	Massachusetts	25	Worcester	27	 SH	45		TRACT SH-45 SHREWSBURY TOWN	706	628	225	1770	1684	0	0	0	0	0
G2500270SH0046	1960	Massachusetts	25	Worcester	27	 SH	46		TRACT SH-46 SHREWSBURY TOWN	827	745	213	2453	2346	0	0	0	0	0
G2500270SP0034	1960	Massachusetts	25	Worcester	27	 SP	34		TRACT SP-34 SPENCER TOWN	526	440	279	1399	1317	0	0	0	0	0
G2500270SP0035	1960	Massachusetts	25	Worcester	27	 SP	35		TRACT SP-35 SPENCER TOWN	435	372	352	1222	1130	7	7	3	7	3
G2500270SU0062	1960	Massachusetts	25	Worcester	27	 SU	62		TRACT SU-62 SUTTON TOWN	453	389	87	1341	1273	0	0	0	0	0
G2500270UP0064	1960	Massachusetts	25	Worcester	27	 UP	64		TRACT UP-64 UPTON TOWN	390	339	176	1150	1011	0	0	0	0	0
G2500270WB0042	1960	Massachusetts	25	Worcester	27	 WB	42		TRACT WB-42 WEST BOYLSTON TOWN	780	685	197	2261	2064	0	0	0	0	0
G2500270WE0049	1960	Massachusetts	25	Worcester	27	 WE	49		TRACT WE-49 WESTBOROUGH TOWN	358	318	173	1052	1013	0	0	0	0	0
G2500270WE0050	1960	Massachusetts	25	Worcester	27	 WE	50		TRACT WE-50 WESTBOROUGH TOWN	529	470	205	1681	1599	0	0	0	0	0
G2500270WL0048	1960	Massachusetts	25	Worcester	27	 WL	48		TRACT WL-48 WESTBOROUGH TOWN	45	40	175	470	80	0	0	0	0	0
